asin,title,brand,price_eur,rating,reviews,cpu,ram_gb,storage_gb,gpu,screen_size_inch,resolution,os,keyboard,product_url,search_page,gaming,touchscreen
B0G71BJS8S,"Microsoft Surface Laptop, 13.8"" | Snapdragon X Elite | 16GB RAM, 512GB SSD | 13.8"" LCD Touchscreen | Copilot+ PC | Schwarz | Windows 11 Home | 7. Edition",Microsoft Surface,1056.07,4.8,15.0,Snapdragon X Elite,16.0,512.0,Unknown,13.8,Unknown,Unknown,Unknown,,1.0,0,0
B0DYDVFVTJ,"Microsoft Surface Laptop, 13"" | Snapdragon X Plus | 16GB RAM, 256GB SSD | 13"" LCD Touchscreen | Copilot+ PC | Platin | Windows 11 Home | Neuestes Modell (1. Edition)",Microsoft Surface,735.54,4.3,74.0,Snapdragon X Plus,16.0,256.0,Unknown,13.0,Unknown,Unknown,Unknown,,1.0,0,0
B0F8L98RLY,"HP Laptop | 15,6"" FHD Display | Intel N100 | 4 GB DDR4 RAM | 128 GB UFS | Intel UHD Graphics | Windows 11 Home im S-Modus | QWERTZ | Natural Silver",HP,219.0,4.1,170.0,Intel N100,4.0,128.0,Intel UHD Graphics,15.6,1920x1080,Windows 11 Home,QWERTZ,https://www.amazon.de/HP-Display-Graphics-Microsoft-enthalten/dp/B0F8L98RLY/ref=sr_1_3?dib=eyJ2IjoiMSJ9.I87OHyMxwn8YpkQsfSIh9bvscVJu5iFqyj1fNuDANOaiaw05xizUqcnjL3poIc5DdowHxvt4w_brm29jI5jHW3N8BVOD_hcjqjLbmv2coQI_q6qRuAGH8Kirx6zc_vOJu2c956kh39FNNh8BBJ-Uf9gW_ljNA3u9AAHTdiGC7dPrf_FWvs1Vmlbb66EOnBKpoI-cOx7v-soqWBWyXDfSI3jDGJgwdJ3NN3_MkTkNq3Y.Pha0FVOGYY7fMyxacS7cegnKkVRfVrPVwc74uyLMs9I&dib_tag=se&keywords=laptop&qid=1788690457&sr=8-3,1.0,1,0
B0H28V9JGR,"Laptop 15,6 Zoll 8GB RAM 256GB SSD Notebook Full HD IPS Display Roségold Hintergrundbeleuchtete Tastatur Fingerabdruck-Entsperrung Dual-Band WLAN HDMI USB 3.0 für Schule Studium Home Office A",Trygood,249.19,4.2,8.0,Unknown,8.0,256.0,Intel UHD Graphics,15.6,1920x1080,Windows 11 Home,QWERTZ,https://www.amazon.de/Trygood-Notebook-Hintergrundbeleuchtete-Fingerabdruck-Entsperrung-Dual-Band/dp/B0H28V9JGR/ref=sr_1_4?dib=eyJ2IjoiMSJ9.I87OHyMxwn8YpkQsfSIh9bvscVJu5iFqyj1fNuDANOaiaw05xizUqcnjL3poIc5DdowHxvt4w_brm29jI5jHW3N8BVOD_hcjqjLbmv2coQI_q6qRuAGH8Kirx6zc_vOJu2c956kh39FNNh8BBJ-Uf9gW_ljNA3u9AAHTdiGC7dPrf_FWvs1Vmlbb66EOnBKpoI-cOx7v-soqWBWyXDfSI3jDGJgwdJ3NN3_MkTkNq3Y.Pha0FVOGYY7fMyxacS7cegnKkVRfVrPVwc74uyLMs9I&dib_tag=se&keywords=laptop&qid=1788690457&sr=8-4,1.0,1,0
B0DJBQ8Y7K,"HP Chromebook x360 Laptop (14"" HD Touchscreen, Intel N100, Gemini, 4 GB RAM, 128GB, ChromeOS, QWERTZ) - Silber",HP,219.0,4.2,181.0,Intel Celeron N4120,4.0,128.0,Intel UHD Graphics,14.0,1366x768,Chrome OS,QWERTZ,https://www.amazon.de/HP-Chromebook-Touchscreen-Prozessor-Graphics/dp/B0DJBQ8Y7K/ref=sr_1_5?dib=eyJ2IjoiMSJ9.I87OHyMxwn8YpkQsfSIh9bvscVJu5iFqyj1fNuDANOaiaw05xizUqcnjL3poIc5DdowHxvt4w_brm29jI5jHW3N8BVOD_hcjqjLbmv2coQI_q6qRuAGH8Kirx6zc_vOJu2c956kh39FNNh8BBJ-Uf9gW_ljNA3u9AAHTdiGC7dPrf_FWvs1Vmlbb66EOnBKpoI-cOx7v-soqWBWyXDfSI3jDGJgwdJ3NN3_MkTkNq3Y.Pha0FVOGYY7fMyxacS7cegnKkVRfVrPVwc74uyLMs9I&dib_tag=se&keywords=laptop&qid=1788690457&sr=8-5,1.0,1,1
B083L855NZ,"Acer Chromebook Plus 515| Laptop | Core i3 | 8GB | 128GB | mit Netzteil | 15,6"" FHD IPS Display | Intel Core i3-1215U | 8GB RAM | 128GB SSD | Chrome OS | QWERTZ-Tastatur | CB515-2H-EU5",Acer,411.6,4.4,8.0,Intel Core i3-1215U,8.0,128.0,Unknown,15.6,1920x1080,Chrome OS,QWERTZ,https://www.amazon.de/Acer-Chromebook-Laptop-128GB-Netzteil/dp/B083L855NZ/ref=sr_1_6?dib=eyJ2IjoiMSJ9.I87OHyMxwn8YpkQsfSIh9bvscVJu5iFqyj1fNuDANOaiaw05xizUqcnjL3poIc5DdowHxvt4w_brm29jI5jHW3N8BVOD_hcjqjLbmv2coQI_q6qRuAGH8Kirx6zc_vOJu2c956kh39FNNh8BBJ-Uf9gW_ljNA3u9AAHTdiGC7dPrf_FWvs1Vmlbb66EOnBKpoI-cOx7v-soqWBWyXDfSI3jDGJgwdJ3NN3_MkTkNq3Y.Pha0FVOGYY7fMyxacS7cegnKkVRfVrPVwc74uyLMs9I&dib_tag=se&keywords=laptop&qid=1788690457&sr=8-6,1.0,1,0
B0HCHLSDT4,"15,6 Zoll FHD Laptop, 16GB RAM 256GB SSD, Core M3-6Y30 Prozessor Win 11 Laptops mit Fingerabdruckleser, Tastatur mit Hintergrundbeleuchtung, WiFi 5, USB3.0, tragbarer dünner Laptop für",Breloom,185.6,4.8,10.0,Intel Core i3-8145U,16.0,256.0,Intel UHD Graphics,15.6,1920x1080,Windows 11 Pro,QWERTY,https://www.amazon.de/Breloom-Prozessor-Fingerabdruckleser-Hintergrundbeleuchtung-tragbarer/dp/B0HCHLSDT4/ref=sr_1_7?dib=eyJ2IjoiMSJ9.I87OHyMxwn8YpkQsfSIh9bvscVJu5iFqyj1fNuDANOaiaw05xizUqcnjL3poIc5DdowHxvt4w_brm29jI5jHW3N8BVOD_hcjqjLbmv2coQI_q6qRuAGH8Kirx6zc_vOJu2c956kh39FNNh8BBJ-Uf9gW_ljNA3u9AAHTdiGC7dPrf_FWvs1Vmlbb66EOnBKpoI-cOx7v-soqWBWyXDfSI3jDGJgwdJ3NN3_MkTkNq3Y.Pha0FVOGYY7fMyxacS7cegnKkVRfVrPVwc74uyLMs9I&dib_tag=se&keywords=laptop&qid=1788690457&sr=8-7,1.0,1,1
B0H4G77SR4,"18,5 Zoll Laptop AI-Unterstützung 16GB RAM 256GB SSD | Core i3, Win 11, 8000mAh Akku, WiFi6, FHD, 180° Drehung, Vollfunktions Type-C, Deutsche Tastatur Ideal für Studium, Business",Meliuna,412.44,5.0,31.0,Intel Core i3,16.0,256.0,Unknown,18.5,1920x1080,Windows 11,German,,1.0,0,0
B0H6Q4RH55,"jumper 17,6 Zoll Laptop 16GB RAM 256GB SSD für Unternehmen und Studenten | 100% sRGB FHD Display, 10100Y CPU(bis zu 3,9GHz), Beleuchtetes QWERTZ-Tastatur Notebook Computer, Allgemein Typ-C/HDMI/WiFi6",Jumper,464.0,4.0,93.0,Intel Core i3-10100Y,16.0,256.0,Unknown,17.6,1920x1080,Unknown,QWERTZ,,1.0,0,0
B0GTQQ3QWN,"Laptop 18,5 Zoll 16GB RAM 256GB SSD, AI Unterstützung Notebook Core i3 (bis zu 3,9 GHz), 8000mAh Akku, Win 11, WiFi 6, FHD Display 180° Betrachtungswinkel, HDMI, USB-C Multifunktionsanschluss",Liuord,687.42,4.7,49.0,Intel Core i3,16.0,256.0,NVIDIA GeForce RTX 5060,18.5,1920x1080,Windows 11,QWERTY,https://www.amazon.de/Liuord-Unterst%C3%BCtzung-Notebook-Betrachtungswinkel-Multifunktionsanschluss/dp/B0GTQQ3QWN/ref=sr_1_10?dib=eyJ2IjoiMSJ9.I87OHyMxwn8YpkQsfSIh9bvscVJu5iFqyj1fNuDANOaiaw05xizUqcnjL3poIc5DdowHxvt4w_brm29jI5jHW3N8BVOD_hcjqjLbmv2coQI_q6qRuAGH8Kirx6zc_vOJu2c956kh39FNNh8BBJ-Uf9gW_ljNA3u9AAHTdiGC7dPrf_FWvs1Vmlbb66EOnBKpoI-cOx7v-soqWBWyXDfSI3jDGJgwdJ3NN3_MkTkNq3Y.Pha0FVOGYY7fMyxacS7cegnKkVRfVrPVwc74uyLMs9I&dib_tag=se&keywords=laptop&qid=1788690457&sr=8-10,1.0,1,0
B0DS2LB2DT,"Acer Aspire Go 15 | Laptop | Ryzen 7 | 16GB | 512GB | mit Netzteil | 15,6"" FHD IPS Display | AMD Ryzen 7 5825U | 16GB RAM | 512GB SSD | AMD Grafik| Windows 11 | QWERTZ Tastatur | AG15-42P-R8SZ",Acer,599.0,4.3,188.0,AMD Ryzen 7 5825U,16.0,512.0,AMD Radeon Graphics,15.6,1920x1080,Windows 11,QWERTZ,https://www.amazon.de/Acer-Aspire-Laptop-Ryzen-Netzteil/dp/B0DS2LB2DT/ref=sr_1_11?dib=eyJ2IjoiMSJ9.I87OHyMxwn8YpkQsfSIh9bvscVJu5iFqyj1fNuDANOaiaw05xizUqcnjL3poIc5DdowHxvt4w_brm29jI5jHW3N8BVOD_hcjqjLbmv2coQI_q6qRuAGH8Kirx6zc_vOJu2c956kh39FNNh8BBJ-Uf9gW_ljNA3u9AAHTdiGC7dPrf_FWvs1Vmlbb66EOnBKpoI-cOx7v-soqWBWyXDfSI3jDGJgwdJ3NN3_MkTkNq3Y.Pha0FVOGYY7fMyxacS7cegnKkVRfVrPVwc74uyLMs9I&dib_tag=se&keywords=laptop&qid=1788690457&sr=8-11,1.0,0,0
B0G43WRLBZ,"Laptop 15,6 Zoll, 8 GB RAM 256 GB SSD, Full HD IPS Notebook in Roségold, beleuchtete Tastatur, Fingerabdruck, Dual-Band WLAN, für Schule, Studium und Homeoffice",Trygood,214.81,3.8,31.0,Unknown,8.0,256.0,Unknown,15.6,1920x1080,MacOS,QWERTZ,https://www.amazon.de/Trygood-Fingerabdruck-Beleuchteter-Studenten-Tastaturfolie/dp/B0G43WRLBZ/ref=sr_1_12?dib=eyJ2IjoiMSJ9.I87OHyMxwn8YpkQsfSIh9bvscVJu5iFqyj1fNuDANOaiaw05xizUqcnjL3poIc5DdowHxvt4w_brm29jI5jHW3N8BVOD_hcjqjLbmv2coQI_q6qRuAGH8Kirx6zc_vOJu2c956kh39FNNh8BBJ-Uf9gW_ljNA3u9AAHTdiGC7dPrf_FWvs1Vmlbb66EOnBKpoI-cOx7v-soqWBWyXDfSI3jDGJgwdJ3NN3_MkTkNq3Y.Pha0FVOGYY7fMyxacS7cegnKkVRfVrPVwc74uyLMs9I&dib_tag=se&keywords=laptop&qid=1788690457&sr=8-12,1.0,1,1
B0F9LFB3HM,"HP Laptop mit 17,3"" HD+ Display, Intel Celeron N4120, 8 GB DDR4 RAM, 256 GB SSD, Intel UHD-Grafik, Windows 11, QWERTZ Tastatur, Schwarz",HP,287.83,4.0,516.0,Intel Celeron N4120,8.0,256.0,Intel UHD Graphics,17.3,1920x1080,Windows 11 Home,QWERTZ,https://www.amazon.de/HP-Laptop-Intel-Celeron-N4500/dp/B0F9LFB3HM/ref=sr_1_13?dib=eyJ2IjoiMSJ9.I87OHyMxwn8YpkQsfSIh9bvscVJu5iFqyj1fNuDANOaiaw05xizUqcnjL3poIc5DdowHxvt4w_brm29jI5jHW3N8BVOD_hcjqjLbmv2coQI_q6qRuAGH8Kirx6zc_vOJu2c956kh39FNNh8BBJ-Uf9gW_ljNA3u9AAHTdiGC7dPrf_FWvs1Vmlbb66EOnBKpoI-cOx7v-soqWBWyXDfSI3jDGJgwdJ3NN3_MkTkNq3Y.Pha0FVOGYY7fMyxacS7cegnKkVRfVrPVwc74uyLMs9I&dib_tag=se&keywords=laptop&qid=1788690457&sr=8-13,1.0,0,1
B0FMRQ91KM,"PC Portable 15,6 Zoll,N95 (bis zu 3,4 GHz),16GB DDR4 512GB SSD TF 1TB,Laptop Win 11,WiFi 5,USB 3.0,1920x1080 FHD,Gamer Computer Notebook,Klavier komplette Rückbeleuchtung",Beynivan,300.73,4.0,63.0,N95,16.0,512.0,Unknown,15.6,1920x1080,Windows 11,Unknown,,1.0,0,0
B0GMFR2ZRL,"17,3 Zoll Laptop,16GB DDR4 RAM,1TB SSD,4-Kern N150 bis zu 3,6 GHz | Beat N95 N5095,FHD IPS Display,Lange Akkulaufzeit, Beleuchtete Tastatur,Ziffernblock,Webcam,WiFi/Bluetooth/USB 3.0,Grau",Unknown,437.38,4.2,39.0,Intel N150,16.0,1024.0,Unknown,17.3,1920x1080,Windows 11,Unknown,,1.0,0,0
B08369D1K4,"Acer Aspire 17 | Laptop | Intel Core 5 | 16GB | 512GB | mit Netzteil | 17"" FHD IPS Display | Intel Core 5 120U | 16GB RAM | 512GB SSD | Intel Grafik | Windows 11 | QWERTZ Tastatur | A17-51M-51UJ",Acer,626.42,4.5,104.0,Intel Core 5 120U,16.0,512.0,Intel UHD Graphics,17.3,1920x1080,Windows 11 Home,QWERTZ,https://www.amazon.de/Acer-Aspire-Laptop-Intel-Netzteil/dp/B08369D1K4/ref=sr_1_16?dib=eyJ2IjoiMSJ9.I87OHyMxwn8YpkQsfSIh9bvscVJu5iFqyj1fNuDANOaiaw05xizUqcnjL3poIc5DdowHxvt4w_brm29jI5jHW3N8BVOD_hcjqjLbmv2coQI_q6qRuAGH8Kirx6zc_vOJu2c956kh39FNNh8BBJ-Uf9gW_ljNA3u9AAHTdiGC7dPrf_FWvs1Vmlbb66EOnBKpoI-cOx7v-soqWBWyXDfSI3jDGJgwdJ3NN3_MkTkNq3Y.Pha0FVOGYY7fMyxacS7cegnKkVRfVrPVwc74uyLMs9I&dib_tag=se&keywords=laptop&qid=1788690457&sr=8-16,1.0,1,0
B0HBPJXKF4,"17,6 Zoll Laptop, Core i3-10100Y, 16GB RAM 256GB SSD, Windows 11 | 1920x1200 FHD+ 16:10 Display, WiFi 6, Tastatur beleuchtet, Full-Featured Type-C,Mattschwarz",Unowo,411.6,5.0,1.0,Intel Core i3-10100Y,16.0,2048.0,Intel UHD Graphics,17.6,1920x1200,Windows 11 Home,Unknown,https://www.amazon.de/Unowo-Laptop-i3-10100Y-256GB-Windows/dp/B0HBPJXKF4/ref=sr_1_17?dib=eyJ2IjoiMSJ9.I87OHyMxwn8YpkQsfSIh9bvscVJu5iFqyj1fNuDANOaiaw05xizUqcnjL3poIc5DdowHxvt4w_brm29jI5jHW3N8BVOD_hcjqjLbmv2coQI_q6qRuAGH8Kirx6zc_vOJu2c956kh39FNNh8BBJ-Uf9gW_ljNA3u9AAHTdiGC7dPrf_FWvs1Vmlbb66EOnBKpoI-cOx7v-soqWBWyXDfSI3jDGJgwdJ3NN3_MkTkNq3Y.Pha0FVOGYY7fMyxacS7cegnKkVRfVrPVwc74uyLMs9I&dib_tag=se&keywords=laptop&qid=1788690457&sr=8-17,1.0,0,0
B0G2SX5G3J,"Lenovo IdeaPad Slim 3 | Laptop | Ryzen 3 | 8GB | 512GB | Ohne Netzteil | 15.6"" Full HD Display | AMD Ryzen 3 30 | 512GB SSD | 8 GB RAM | AMD Radeon 610M Grafik | QWERTZ | Windows 11 | Blau",Lenovo,385.82,3.6,19.0,AMD Ryzen 3 7330U,8.0,512.0,AMD Radeon 610M,15.6,1920x1080,Windows 11 Home,QWERTZ,https://www.amazon.de/Lenovo-IdeaPad-Display-Windows-Premium/dp/B0G2SX5G3J/ref=sr_1_18?dib=eyJ2IjoiMSJ9.I87OHyMxwn8YpkQsfSIh9bvscVJu5iFqyj1fNuDANOaiaw05xizUqcnjL3poIc5DdowHxvt4w_brm29jI5jHW3N8BVOD_hcjqjLbmv2coQI_q6qRuAGH8Kirx6zc_vOJu2c956kh39FNNh8BBJ-Uf9gW_ljNA3u9AAHTdiGC7dPrf_FWvs1Vmlbb66EOnBKpoI-cOx7v-soqWBWyXDfSI3jDGJgwdJ3NN3_MkTkNq3Y.Pha0FVOGYY7fMyxacS7cegnKkVRfVrPVwc74uyLMs9I&dib_tag=se&keywords=laptop&qid=1788690457&sr=8-18,1.0,0,0
B0DX2X31XY,"ASUS Vivobook 16 X1607QA | Laptop | Snapdragon X | 16GB | 512GB | 16"" WUXGA | Snapdragon X X1-26-100 | Copilot+ PC | 16GB RAM | 512GB SSD | Win11 Home | ohne Netzteil",ASUS,600.64,3.1,7.0,Snapdragon X,16.0,512.0,NVIDIA GeForce RTX 5060,16.0,1920x1200,Windows 11 Home,QWERTZ,https://www.amazon.de/ASUS-Vivobook-X1607QA-Snapdragon-X1-26-100/dp/B0DX2X31XY/ref=sr_1_19?dib=eyJ2IjoiMSJ9.I87OHyMxwn8YpkQsfSIh9bvscVJu5iFqyj1fNuDANOaiaw05xizUqcnjL3poIc5DdowHxvt4w_brm29jI5jHW3N8BVOD_hcjqjLbmv2coQI_q6qRuAGH8Kirx6zc_vOJu2c956kh39FNNh8BBJ-Uf9gW_ljNA3u9AAHTdiGC7dPrf_FWvs1Vmlbb66EOnBKpoI-cOx7v-soqWBWyXDfSI3jDGJgwdJ3NN3_MkTkNq3Y.Pha0FVOGYY7fMyxacS7cegnKkVRfVrPVwc74uyLMs9I&dib_tag=se&keywords=laptop&qid=1788690457&sr=8-19,1.0,1,0
B0GLQKSVHZ,"Lenovo Laptop, 15,6"" FHD Display, Intel N150, 4 x 3.60 GHz, 128 GB SSD, Intel UHD Graphics, Norton 360, Windows 11, Schwarz",Lenovo,287.83,4.4,52.0,Intel N150,8.0,128.0,Intel UHD Graphics,15.6,1920x1080,Windows 11,QWERTZ,https://www.amazon.de/Lenovo-Display-Graphics-Windows-Schwarz/dp/B0GLQKSVHZ/ref=sr_1_20?dib=eyJ2IjoiMSJ9.I87OHyMxwn8YpkQsfSIh9bvscVJu5iFqyj1fNuDANOaiaw05xizUqcnjL3poIc5DdowHxvt4w_brm29jI5jHW3N8BVOD_hcjqjLbmv2coQI_q6qRuAGH8Kirx6zc_vOJu2c956kh39FNNh8BBJ-Uf9gW_ljNA3u9AAHTdiGC7dPrf_FWvs1Vmlbb66EOnBKpoI-cOx7v-soqWBWyXDfSI3jDGJgwdJ3NN3_MkTkNq3Y.Pha0FVOGYY7fMyxacS7cegnKkVRfVrPVwc74uyLMs9I&dib_tag=se&keywords=laptop&qid=1788690457&sr=8-20,1.0,0,0
B0DS5N6MWW,"ASUS Vivobook 18 M1807HA Laptop | 18"" WUXGA 16:10 IPS Display | AMD Ryzen 7 260 | 16GB RAM | 1TB SSD | AMD Radeon 780M | Win11 Home | QWERTZ | Quiet Blue (AC Adapter Sold Separately)",ASUS,772.5,4.5,67.0,AMD Ryzen 7 260,16.0,1024.0,AMD Radeon 780M,18.0,1920x1200,Windows 11 Home,QWERTZ,https://www.amazon.de/ASUS-Vivobook-M1807HA-Laptop-WUXGA/dp/B0DS5N6MWW/ref=sr_1_21?dib=eyJ2IjoiMSJ9.I87OHyMxwn8YpkQsfSIh9bvscVJu5iFqyj1fNuDANOaiaw05xizUqcnjL3poIc5DdowHxvt4w_brm29jI5jHW3N8BVOD_hcjqjLbmv2coQI_q6qRuAGH8Kirx6zc_vOJu2c956kh39FNNh8BBJ-Uf9gW_ljNA3u9AAHTdiGC7dPrf_FWvs1Vmlbb66EOnBKpoI-cOx7v-soqWBWyXDfSI3jDGJgwdJ3NN3_MkTkNq3Y.Pha0FVOGYY7fMyxacS7cegnKkVRfVrPVwc74uyLMs9I&dib_tag=se&keywords=laptop&qid=1788690457&sr=8-21,1.0,0,0
B0GWS2GH32,"Lenovo Yoga Slim 7 | Laptop | Ryzen AI 5 | 16GB | 512GB | Ohne Netzteil | CoPilot+PC | 14"" WUXGA Display | OLED | AMD Ryzen AI 5 330 | 16GB RAM| 1TB SSD| AMD Radeon 820M| QWERTZ|Windows 11|Tidal Teal",Lenovo,927.17,1.0,1.0,AMD Ryzen AI 5,16.0,1024.0,AMD Radeon 820M,14.0,1920x1200,Windows 11 Home,QWERTZ,https://www.amazon.de/Lenovo-Laptop-Ryzen-512GB-Netzteil/dp/B0GWS2GH32/ref=sr_1_22?dib=eyJ2IjoiMSJ9.I87OHyMxwn8YpkQsfSIh9bvscVJu5iFqyj1fNuDANOaiaw05xizUqcnjL3poIc5DdowHxvt4w_brm29jI5jHW3N8BVOD_hcjqjLbmv2coQI_q6qRuAGH8Kirx6zc_vOJu2c956kh39FNNh8BBJ-Uf9gW_ljNA3u9AAHTdiGC7dPrf_FWvs1Vmlbb66EOnBKpoI-cOx7v-soqWBWyXDfSI3jDGJgwdJ3NN3_MkTkNq3Y.Pha0FVOGYY7fMyxacS7cegnKkVRfVrPVwc74uyLMs9I&dib_tag=se&keywords=laptop&qid=1788690457&sr=8-22,1.0,0,1
B0F5Z4GKZ8,Lenovo LOQ | Laptop | i7 | 16GB | 512GB | RTX 5070 | 17.3 FHD Display |165Hz | Intel i7-14700HX | 16GB RAM | 512GB SSD | NVIDIA RTX 5070 | RGB Tastatur |QWERTZ |Ohne Windows|Grau,Lenovo,1545.86,3.7,62.0,Intel Core i7-14700HX,16.0,512.0,NVIDIA GeForce RTX 5070,17.3,1920x1080,Windows 11,QWERTZ,https://www.amazon.de/Lenovo-Laptop-16GB-512GB-5070/dp/B0F5Z4GKZ8/ref=sr_1_17?dib=eyJ2IjoiMSJ9.uJcyhGiBwQX2LxTRXh-NIG6qoDHO84ybIak-OdWN9NpTUwuXtSYzh0Ev8kk_8OD6ps8qqySIlvenipfOsYQwaiyVer4s3WBpb1NkBS8bT8jhlPkcsW14Rqk8-AFlNaTokdPTXGgrOIk83pYYQi-lubGQ_lciMevC8Pkoo53LqY35jMgJMUjyZmvKyF2uGd9XeOcroh84rAKMz87V4W9kzAWgNyjz309lTtmfMIaFIdw.a93JaaIGogVrw8plmQl561RlWRPeXpDcRYTKd34AmRA&dib_tag=se&keywords=laptop&qid=1788690574&sr=8-17&xpid=sLKVI6PriDQ7N,2.0,1,0
B0GSTYMGQ1,"15.6 Zoll Laptop 16GB RAM 512GB ROM, AI-Unterstützung, AMD R5 (übertrifft i5-13420H, bis zu 3.6GHz), FHD Display Notebook, WiFi 6 USB 3.0, Full-Function Type-C",Liuord,326.52,4.5,17.0,Intel Core 5,16.0,512.0,AMD Radeon 660M,15.6,1920x1080,Windows 11,QWERTZ,https://www.amazon.de/Liuord-AI-Unterst%C3%BCtzung-%C3%BCbertrifft-i5-13420H-Full-Function/dp/B0GSTYMGQ1/ref=sr_1_18?dib=eyJ2IjoiMSJ9.uJcyhGiBwQX2LxTRXh-NIG6qoDHO84ybIak-OdWN9NpTUwuXtSYzh0Ev8kk_8OD6ps8qqySIlvenipfOsYQwaiyVer4s3WBpb1NkBS8bT8jhlPkcsW14Rqk8-AFlNaTokdPTXGgrOIk83pYYQi-lubGQ_lciMevC8Pkoo53LqY35jMgJMUjyZmvKyF2uGd9XeOcroh84rAKMz87V4W9kzAWgNyjz309lTtmfMIaFIdw.a93JaaIGogVrw8plmQl561RlWRPeXpDcRYTKd34AmRA&dib_tag=se&keywords=laptop&qid=1788690574&sr=8-18&xpid=sLKVI6PriDQ7N,2.0,1,0
B0H4GGW6M1,"15.6 Zoll Laptop, 16GB RAM 512GB SSD, AI-Unterstützung | AMD R5 (bis zu 3.6GHz), FHD Display Notebook, WiFi 6, Vollfunktions Type-C Ideal für Studium, Homeoffice und Business",MELIUNA,326.52,5.0,3.0,AMD Ryzen AI 5,16.0,512.0,Unknown,15.6,1920x1080,Windows 11,QWERTZ,https://www.amazon.de/MELIUNA-15-6-Laptop-512GB-AI-Unterst%C3%BCtzung/dp/B0H4GGW6M1/ref=sr_1_19?dib=eyJ2IjoiMSJ9.uJcyhGiBwQX2LxTRXh-NIG6qoDHO84ybIak-OdWN9NpTUwuXtSYzh0Ev8kk_8OD6ps8qqySIlvenipfOsYQwaiyVer4s3WBpb1NkBS8bT8jhlPkcsW14Rqk8-AFlNaTokdPTXGgrOIk83pYYQi-lubGQ_lciMevC8Pkoo53LqY35jMgJMUjyZmvKyF2uGd9XeOcroh84rAKMz87V4W9kzAWgNyjz309lTtmfMIaFIdw.a93JaaIGogVrw8plmQl561RlWRPeXpDcRYTKd34AmRA&dib_tag=se&keywords=laptop&qid=1788690574&sr=8-19&xpid=sLKVI6PriDQ7N,2.0,1,1
B0DD3SWKRK,Laptop 14 Zoll Win 11 Notebook 6GB RAM 256GB SSD Celeron N4020 | SSD Unterstützung 1TB Celeron N4020 (bis2.8GHz) 5000mAh 1920x1080p WiFi Deutscher Tastaturschutz und kabellose Maus-Grey,NOTODD,171.85,4.0,62.0,Intel Celeron N4500,6.0,256.0,Intel UHD Graphics,14.0,1920x1080,Windows 11 Pro,QWERTZ,https://www.amazon.de/Laptop-Notebook-256GB-Celeron-N4020/dp/B0DD3SWKRK/ref=sr_1_20?dib=eyJ2IjoiMSJ9.uJcyhGiBwQX2LxTRXh-NIG6qoDHO84ybIak-OdWN9NpTUwuXtSYzh0Ev8kk_8OD6ps8qqySIlvenipfOsYQwaiyVer4s3WBpb1NkBS8bT8jhlPkcsW14Rqk8-AFlNaTokdPTXGgrOIk83pYYQi-lubGQ_lciMevC8Pkoo53LqY35jMgJMUjyZmvKyF2uGd9XeOcroh84rAKMz87V4W9kzAWgNyjz309lTtmfMIaFIdw.a93JaaIGogVrw8plmQl561RlWRPeXpDcRYTKd34AmRA&dib_tag=se&keywords=laptop&qid=1788690574&sr=8-20&xpid=sLKVI6PriDQ7N,2.0,1,1
B09MDGXHMF,"HP Stream Laptop | 11,6"" HD Display | Intel Celeron N4120 | 4GB DDR4 RAM | 64GB eMMC | Intel Grafik | Windows 11 S-Mode | QWERTZ Tastatur | Weiß | inkl. Microsoft Office 365 Single",HP,299.89,4.0,994.0,Intel Celeron N4120,4.0,128.0,Intel UHD Graphics,11.6,1920x1080,Windows 11 S,QWERTZ,https://www.amazon.de/HP-Display-Celeron-Tastatur-Microsoft/dp/B09MDGXHMF/ref=sr_1_21?dib=eyJ2IjoiMSJ9.uJcyhGiBwQX2LxTRXh-NIG6qoDHO84ybIak-OdWN9NpTUwuXtSYzh0Ev8kk_8OD6ps8qqySIlvenipfOsYQwaiyVer4s3WBpb1NkBS8bT8jhlPkcsW14Rqk8-AFlNaTokdPTXGgrOIk83pYYQi-lubGQ_lciMevC8Pkoo53LqY35jMgJMUjyZmvKyF2uGd9XeOcroh84rAKMz87V4W9kzAWgNyjz309lTtmfMIaFIdw.a93JaaIGogVrw8plmQl561RlWRPeXpDcRYTKd34AmRA&dib_tag=se&keywords=laptop&qid=1788690574&sr=8-21&xpid=sLKVI6PriDQ7N,2.0,1,1
B0H4GJKMDK,"Lenovo ThinkPad X13 Gen 1 Business Laptop, 13,3"" FHD (1920 x 1080), Intel Core i7-10510U, 8 GB RAM, 512 GB SSD, US QWERTY Tastatur, Windows 11 Pro (Generalüberholt)",Amazon Renewed,188.18,5.0,1.0,Intel Core i7-10510U,8.0,512.0,Intel UHD Graphics,13.3,1920x1080,Windows 11,QWERTZ,https://www.amazon.de/Lenovo-ThinkPad-X13-Gen-General%C3%BCberholt/dp/B0H4GJKMDK/ref=sr_1_22?dib=eyJ2IjoiMSJ9.uJcyhGiBwQX2LxTRXh-NIG6qoDHO84ybIak-OdWN9NpTUwuXtSYzh0Ev8kk_8OD6ps8qqySIlvenipfOsYQwaiyVer4s3WBpb1NkBS8bT8jhlPkcsW14Rqk8-AFlNaTokdPTXGgrOIk83pYYQi-lubGQ_lciMevC8Pkoo53LqY35jMgJMUjyZmvKyF2uGd9XeOcroh84rAKMz87V4W9kzAWgNyjz309lTtmfMIaFIdw.a93JaaIGogVrw8plmQl561RlWRPeXpDcRYTKd34AmRA&dib_tag=se&keywords=laptop&qid=1788690574&sr=8-22&xpid=sLKVI6PriDQ7N,2.0,1,1
B09BJQLYKM,"ASUS Chromebook CX14 CX1405CTA-NK0438 | Laptop | N150 | 4GB | 128GB | 14"" FHD | Intel N150 | Intel UHD | 4GB RAM | 128GB eMMC | ChromeOS | QWERTZ | ohne Netzteil",ASUS,239.74,4.3,75.0,Intel Core 3-N355,4.0,128.0,Intel UHD Graphics,17.3,1920x1080,Chrome OS,QWERTZ,https://www.amazon.de/ASUS-Chromebook-CX14-CX1405CTA-Laptop/dp/B09BJQLYKM/ref=sr_1_23?dib=eyJ2IjoiMSJ9.uJcyhGiBwQX2LxTRXh-NIG6qoDHO84ybIak-OdWN9NpTUwuXtSYzh0Ev8kk_8OD6ps8qqySIlvenipfOsYQwaiyVer4s3WBpb1NkBS8bT8jhlPkcsW14Rqk8-AFlNaTokdPTXGgrOIk83pYYQi-lubGQ_lciMevC8Pkoo53LqY35jMgJMUjyZmvKyF2uGd9XeOcroh84rAKMz87V4W9kzAWgNyjz309lTtmfMIaFIdw.a93JaaIGogVrw8plmQl561RlWRPeXpDcRYTKd34AmRA&dib_tag=se&keywords=laptop&qid=1788690574&sr=8-23&xpid=sLKVI6PriDQ7N,2.0,1,1
B0CGLQJSXJ,"Lenovo Chromebook IdeaPad Slim 3 | 14"" Full HD Display | Mediatek MT8186 | 4GB RAM | 64GB SSD | ARM Mali-G52 Grafik | Chrome OS | QWERTZ | blau",Lenovo,133.89,4.4,978.0,Intel Celeron N4500,4.0,256.0,ARM Mali-G52,14.0,1920x1080,Chrome OS,QWERTZ,https://www.amazon.de/Lenovo-Chromebook-MediaTek-Kompanio-Mali-G52/dp/B0CGLQJSXJ/ref=sr_1_24?dib=eyJ2IjoiMSJ9.uJcyhGiBwQX2LxTRXh-NIG6qoDHO84ybIak-OdWN9NpTUwuXtSYzh0Ev8kk_8OD6ps8qqySIlvenipfOsYQwaiyVer4s3WBpb1NkBS8bT8jhlPkcsW14Rqk8-AFlNaTokdPTXGgrOIk83pYYQi-lubGQ_lciMevC8Pkoo53LqY35jMgJMUjyZmvKyF2uGd9XeOcroh84rAKMz87V4W9kzAWgNyjz309lTtmfMIaFIdw.a93JaaIGogVrw8plmQl561RlWRPeXpDcRYTKd34AmRA&dib_tag=se&keywords=laptop&qid=1788690574&sr=8-24&xpid=sLKVI6PriDQ7N,2.0,1,1
B0GR1Q73PS,"Apple MacBook Pro Laptop mit M5 Pro Chip mit 18-Core CPU und 20-Core GPU: Entwickelt für KI, 16,2"" Liquid Retina XDR Display, 24 GB gemeinsamer Arbeitsspeicher, 1 TB SSD, WLAN 7; Silber",Apple,2920.73,4.7,57.0,Apple M5 Pro,24.0,1024.0,20-core GPU,16.2,3456x2234,MACOS,Unknown,https://www.amazon.de/Apple-MacBook-Laptop-18-Core-20-Core/dp/B0GR1Q73PS/ref=sr_1_25?dib=eyJ2IjoiMSJ9.uJcyhGiBwQX2LxTRXh-NIG6qoDHO84ybIak-OdWN9NpTUwuXtSYzh0Ev8kk_8OD6ps8qqySIlvenipfOsYQwaiyVer4s3WBpb1NkBS8bT8jhlPkcsW14Rqk8-AFlNaTokdPTXGgrOIk83pYYQi-lubGQ_lciMevC8Pkoo53LqY35jMgJMUjyZmvKyF2uGd9XeOcroh84rAKMz87V4W9kzAWgNyjz309lTtmfMIaFIdw.a93JaaIGogVrw8plmQl561RlWRPeXpDcRYTKd34AmRA&dib_tag=se&keywords=laptop&qid=1788690574&sr=8-25&xpid=sLKVI6PriDQ7N,2.0,0,0
B0GY7XKC2D,"Dell Latitude 5420 Business-Laptop, 14 Zoll (35,6 cm) FHD, Intel Core i7-1185G7, 16 GB RAM, 512 GB SSD, amerikanische QWERTY-Tastatur, Windows 11 Pro (Reacondicionado)",Amazon Renewed,262.94,5.0,0.0,Intel Core i7-1185G7,16.0,512.0,Intel UHD Graphics,14.0,1920x1080,Windows 11 Pro,QWERTZ,https://www.amazon.de/Dell-Latitude-5420-Business-Laptop-QWERTY-Tastatur/dp/B0GY7XKC2D/ref=sr_1_26?dib=eyJ2IjoiMSJ9.uJcyhGiBwQX2LxTRXh-NIG6qoDHO84ybIak-OdWN9NpTUwuXtSYzh0Ev8kk_8OD6ps8qqySIlvenipfOsYQwaiyVer4s3WBpb1NkBS8bT8jhlPkcsW14Rqk8-AFlNaTokdPTXGgrOIk83pYYQi-lubGQ_lciMevC8Pkoo53LqY35jMgJMUjyZmvKyF2uGd9XeOcroh84rAKMz87V4W9kzAWgNyjz309lTtmfMIaFIdw.a93JaaIGogVrw8plmQl561RlWRPeXpDcRYTKd34AmRA&dib_tag=se&keywords=laptop&qid=1788690574&sr=8-26&xpid=sLKVI6PriDQ7N,2.0,1,0
B0GHZ5GYP4,"Dell 15 Laptop - Intel i5 1334U, 16GB DDR5, 512GB SSD | 15,6 Zoll FHD entspiegeltes Display, Windows 11 Home, Intel UHD Grafik, Deutsch QWERTZ Tastatur",Dell,549.09,4.4,32.0,Intel Core i5-1334U,16.0,512.0,Intel UHD Graphics,15.6,1920x1080,Windows 11 Home,QWERTZ,https://www.amazon.de/Dell-Laptop-DC15250-Intel-Windows/dp/B0GHZ5GYP4/ref=sr_1_28?dib=eyJ2IjoiMSJ9.uJcyhGiBwQX2LxTRXh-NIG6qoDHO84ybIak-OdWN9NpTUwuXtSYzh0Ev8kk_8OD6ps8qqySIlvenipfOsYQwaiyVer4s3WBpb1NkBS8bT8jhlPkcsW14Rqk8-AFlNaTokdPTXGgrOIk83pYYQi-lubGQ_lciMevC8Pkoo53LqY35jMgJMUjyZmvKyF2uGd9XeOcroh84rAKMz87V4W9kzAWgNyjz309lTtmfMIaFIdw.a93JaaIGogVrw8plmQl561RlWRPeXpDcRYTKd34AmRA&dib_tag=se&keywords=laptop&qid=1788690574&sr=8-28&xpid=sLKVI6PriDQ7N,2.0,0,0
B096Y59Z7R,"MSI Cyborg 15, Gaming-Laptop, 15,6 Zoll Full-HD 144 Hz Display, Intel Core 7 240H, NVIDIA GeForce RTX 5060, 16 GB DDR5, 1 TB SSD, Windows 11 Home, QWERTZ Tastatur, Schwarz, B2RWFKG-068",MSI,978.17,4.4,35.0,Intel Core 7,16.0,1024.0,NVIDIA GeForce RTX 5060,15.6,1920x1080,Windows 11 Home,QWERTZ,https://www.amazon.de/MSI-Gaming-Laptop-Full-HD-Tastatur-B2RWFKG-068/dp/B096Y59Z7R/ref=sr_1_29?dib=eyJ2IjoiMSJ9.uJcyhGiBwQX2LxTRXh-NIG6qoDHO84ybIak-OdWN9NpTUwuXtSYzh0Ev8kk_8OD6ps8qqySIlvenipfOsYQwaiyVer4s3WBpb1NkBS8bT8jhlPkcsW14Rqk8-AFlNaTokdPTXGgrOIk83pYYQi-lubGQ_lciMevC8Pkoo53LqY35jMgJMUjyZmvKyF2uGd9XeOcroh84rAKMz87V4W9kzAWgNyjz309lTtmfMIaFIdw.a93JaaIGogVrw8plmQl561RlWRPeXpDcRYTKd34AmRA&dib_tag=se&keywords=laptop&qid=1788690574&sr=8-29&xpid=sLKVI6PriDQ7N,2.0,1,0
B0H1427K3T,"2026 Laptop Computer Notebook QWERTY mit Deutscher Tastaturfolie,15.6"" IPS FHD Display,8GB RAM 256GB SSD,Celeron N5100,WiFi5,BT5.0,USB3.0,Beleuchtete Tastatur,Fingerprint für Büro & Studenten,Silber",Molegar,300.74,3.9,206.0,Intel Core i5-10210U,8.0,256.0,Intel UHD Graphics,15.6,1920x1080,Windows 11 Pro,QWERTY,https://www.amazon.de/Deutscher-Tastaturfolie-Beleuchtete-Fingerprint-Studenten/dp/B0H1427K3T/ref=sr_1_30?dib=eyJ2IjoiMSJ9.uJcyhGiBwQX2LxTRXh-NIG6qoDHO84ybIak-OdWN9NpTUwuXtSYzh0Ev8kk_8OD6ps8qqySIlvenipfOsYQwaiyVer4s3WBpb1NkBS8bT8jhlPkcsW14Rqk8-AFlNaTokdPTXGgrOIk83pYYQi-lubGQ_lciMevC8Pkoo53LqY35jMgJMUjyZmvKyF2uGd9XeOcroh84rAKMz87V4W9kzAWgNyjz309lTtmfMIaFIdw.a93JaaIGogVrw8plmQl561RlWRPeXpDcRYTKd34AmRA&dib_tag=se&keywords=laptop&qid=1788690574&sr=8-30&xpid=sLKVI6PriDQ7N,2.0,1,1
B0H5JKDB98,"jumper 2026 Gaming Laptop 17,6 Zoll IPS 1920X1200, 16GB DDR4 RAM 512GB SSD, AMD R5 3500U(bis zu 3,7GHz), Leuchtende Tastatur, Leichte Business und Studenten Notebook, Vollfunktionale Typ-C/HDMI/WiFi6",jumper,807.72,4.3,37.0,AMD Ryzen 5 3500U,16.0,512.0,AMD Radeon RX Vega,17.6,1920x1200,Windows 11,QWERTY,https://www.amazon.de/jumper-1920X1200-Leuchtende-Studenten-Vollfunktionale/dp/B0H5JKDB98/ref=sr_1_31?dib=eyJ2IjoiMSJ9.uJcyhGiBwQX2LxTRXh-NIG6qoDHO84ybIak-OdWN9NpTUwuXtSYzh0Ev8kk_8OD6ps8qqySIlvenipfOsYQwaiyVer4s3WBpb1NkBS8bT8jhlPkcsW14Rqk8-AFlNaTokdPTXGgrOIk83pYYQi-lubGQ_lciMevC8Pkoo53LqY35jMgJMUjyZmvKyF2uGd9XeOcroh84rAKMz87V4W9kzAWgNyjz309lTtmfMIaFIdw.a93JaaIGogVrw8plmQl561RlWRPeXpDcRYTKd34AmRA&dib_tag=se&keywords=laptop&qid=1788690574&sr=8-31&xpid=sLKVI6PriDQ7N,2.0,1,0
B0FW5LZYTG,"Acer Aspire 17 | Laptop | Intel Core 7 | 16GB | 512GB | mit Netzteil | 17"" FHD IPS Display | Intel Core 7 150U | 16GB RAM | 512GB SSD | Intel Grafik | Windows 11 | QWERTZ Tastatur | A17-51M-77PV",Acer,712.35,4.6,171.0,Intel Core 7 150U,16.0,512.0,AMD Radeon 780M,17.3,1920x1080,Windows 11 Home,QWERTZ,https://www.amazon.de/Acer-Aspire-Laptop-Intel-Netzteil/dp/B0FW5LZYTG/ref=sr_1_32?dib=eyJ2IjoiMSJ9.uJcyhGiBwQX2LxTRXh-NIG6qoDHO84ybIak-OdWN9NpTUwuXtSYzh0Ev8kk_8OD6ps8qqySIlvenipfOsYQwaiyVer4s3WBpb1NkBS8bT8jhlPkcsW14Rqk8-AFlNaTokdPTXGgrOIk83pYYQi-lubGQ_lciMevC8Pkoo53LqY35jMgJMUjyZmvKyF2uGd9XeOcroh84rAKMz87V4W9kzAWgNyjz309lTtmfMIaFIdw.a93JaaIGogVrw8plmQl561RlWRPeXpDcRYTKd34AmRA&dib_tag=se&keywords=laptop&qid=1788690574&sr=8-32&xpid=sLKVI6PriDQ7N,2.0,1,1
B0FXMWTDVP,"Acer Aspire 17 | Laptop | Intel Core 5 | 32GB | 1TB | mit Netzteil | 17"" FHD IPS Display | Intel Core 5 120U | 32GB RAM | 1TB GB SSD | Intel Grafik | Windows 11 | QWERTZ Tastatur | A17-51M-52TS",Acer,755.32,4.5,104.0,Intel Core 5,32.0,1024.0,Intel Graphics,17.3,1920x1080,Windows 11 Home,QWERTZ,https://www.amazon.de/Acer-Aspire-Laptop-Intel-Netzteil/dp/B0FXMWTDVP/ref=sr_1_33?dib=eyJ2IjoiMSJ9.fBMPCylFxBaFdID6CRwnK00iwdcm6e1N1mUJKY5lidSKsPtVKMPdauu9mdylUsBtCs9sBpwYboJXaOQ1G6-KSr2KY_EBySjwxEidUyoaNRTuSz04U4F_xJN2JnFaRWQBp7qJOGH53LY5LbyAIE5m-nJfLkQg1ZnW5w-c_SgnzLMZtQFI-6E_rV7lLq6pmprgJkjBOevIGTfPqklD8CANMp0CUPLoLqaZ8DeGF95WeCc.8EFcABQgiKj4xOXLgM9GWgVYncTEugcOMbGP4WQtRrY&dib_tag=se&keywords=laptop&qid=1788690701&sr=8-33&xpid=sLKVI6PriDQ7N,3.0,1,0
B0H8Y5PQCT,"Auusda Laptop 15,6 Zoll Notebook, 16 GB RAM, 512 GB SSD, Prozessor N5100(Beats N4120/5205U CPU), Fingerabdrucksensor, BT5.0, Wifi5, Privacy-Kameraabdeckung, leichtes Notebook für Schule & Büro",Auusda,317.94,4.2,15.0,Intel Core i5-8265U,16.0,512.0,NVIDIA GeForce RTX 5060,15.6,1920x1080,Windows 11,QWERTY,https://www.amazon.de/Auusda-Notebook-Prozessor-Fingerabdrucksensor-Privacy-Kameraabdeckung/dp/B0H8Y5PQCT/ref=sr_1_34?dib=eyJ2IjoiMSJ9.fBMPCylFxBaFdID6CRwnK00iwdcm6e1N1mUJKY5lidSKsPtVKMPdauu9mdylUsBtCs9sBpwYboJXaOQ1G6-KSr2KY_EBySjwxEidUyoaNRTuSz04U4F_xJN2JnFaRWQBp7qJOGH53LY5LbyAIE5m-nJfLkQg1ZnW5w-c_SgnzLMZtQFI-6E_rV7lLq6pmprgJkjBOevIGTfPqklD8CANMp0CUPLoLqaZ8DeGF95WeCc.8EFcABQgiKj4xOXLgM9GWgVYncTEugcOMbGP4WQtRrY&dib_tag=se&keywords=laptop&qid=1788690701&sr=8-34&xpid=sLKVI6PriDQ7N,3.0,1,1
B0DVM1KDW8,"Asus Chromebook CX1405CKA#B0DVM1KDW8, Display 14"" FHD, Anti-Glare, Prozessor Intel Celeron N4500, RAM 4GB, 64G eMMC, ChromeOS, Blau",ASUS,265.52,4.1,180.0,Intel Celeron N4500,4.0,256.0,Intel UHD Graphics,14.0,1920x1080,Chrome OS,QWERTY,https://www.amazon.de/Chromebook-CX1405CKA-B0DVM1KDW8-Anti-Glare-Prozessor/dp/B0DVM1KDW8/ref=sr_1_35?dib=eyJ2IjoiMSJ9.fBMPCylFxBaFdID6CRwnK00iwdcm6e1N1mUJKY5lidSKsPtVKMPdauu9mdylUsBtCs9sBpwYboJXaOQ1G6-KSr2KY_EBySjwxEidUyoaNRTuSz04U4F_xJN2JnFaRWQBp7qJOGH53LY5LbyAIE5m-nJfLkQg1ZnW5w-c_SgnzLMZtQFI-6E_rV7lLq6pmprgJkjBOevIGTfPqklD8CANMp0CUPLoLqaZ8DeGF95WeCc.8EFcABQgiKj4xOXLgM9GWgVYncTEugcOMbGP4WQtRrY&dib_tag=se&keywords=laptop&qid=1788690701&sr=8-35&xpid=sLKVI6PriDQ7N,3.0,1,1
B0GT65GL58,"Samsung Galaxy Book4 Edge AI-Laptop, 15,6-Zoll-Display, 16GB RAM, Snapdragon X Plus Prozessor, Notebook 512GB Speicher, Copilot+ PC, Sapphire Blue, 3 Jahre Herstellergarantie [Exklusiv bei Amazon]",Samsung,831.79,4.2,11.0,Intel Core Ultra 5,16.0,512.0,NVIDIA GeForce RTX 4050,15.6,1920x1080,Windows 11 Home,QWERTZ,https://www.amazon.de/Samsung-AI-Laptop-6-Zoll-Display-Snapdragon-Herstellergarantie/dp/B0GT65GL58/ref=sr_1_36?dib=eyJ2IjoiMSJ9.fBMPCylFxBaFdID6CRwnK00iwdcm6e1N1mUJKY5lidSKsPtVKMPdauu9mdylUsBtCs9sBpwYboJXaOQ1G6-KSr2KY_EBySjwxEidUyoaNRTuSz04U4F_xJN2JnFaRWQBp7qJOGH53LY5LbyAIE5m-nJfLkQg1ZnW5w-c_SgnzLMZtQFI-6E_rV7lLq6pmprgJkjBOevIGTfPqklD8CANMp0CUPLoLqaZ8DeGF95WeCc.8EFcABQgiKj4xOXLgM9GWgVYncTEugcOMbGP4WQtRrY&dib_tag=se&keywords=laptop&qid=1788690701&sr=8-36&xpid=sLKVI6PriDQ7N,3.0,1,1
B0FFH8H1QM,"Acer Nitro V17 AI | Gaming Laptop | Ryzen 7 | RTX 5060 | 16GB | 1TB | 17"" FHD 144Hz Display| AMD Ryzen 7 260 | NVIDIA RTX 5060 | 16GB RAM| 1TB | Windows 11| QWERTZ Tastatur | ANV17-41-R0BS",Acer,1027.93,4.3,49.0,AMD Ryzen 7 260,16.0,1000.0,NVIDIA GeForce RTX 5060,17.3,1920x1080,Windows 11,QWERTZ,https://www.amazon.de/Acer-Nitro-Gaming-Laptop-Ryzen/dp/B0FFH8H1QM/ref=sr_1_37?dib=eyJ2IjoiMSJ9.fBMPCylFxBaFdID6CRwnK00iwdcm6e1N1mUJKY5lidSKsPtVKMPdauu9mdylUsBtCs9sBpwYboJXaOQ1G6-KSr2KY_EBySjwxEidUyoaNRTuSz04U4F_xJN2JnFaRWQBp7qJOGH53LY5LbyAIE5m-nJfLkQg1ZnW5w-c_SgnzLMZtQFI-6E_rV7lLq6pmprgJkjBOevIGTfPqklD8CANMp0CUPLoLqaZ8DeGF95WeCc.8EFcABQgiKj4xOXLgM9GWgVYncTEugcOMbGP4WQtRrY&dib_tag=se&keywords=laptop&qid=1788690701&sr=8-37&xpid=sLKVI6PriDQ7N,3.0,1,0
B0H98LRXVJ,"Kayoote 2026 15,6"" Laptop Win 11 Pro, 8GB RAM 256GB SSD, 1080P FHD Display, 3855U Prozessor, Beleuchtete Tastatur, Fingerabdruck, USB3.0, 5000mAh Batterie, Tragbarer Computer für Büro und Schule",Kayoote,164.12,1.5,2.0,Intel Core i3-8145U,8.0,256.0,Intel UHD Graphics,15.6,1920x1080,Windows 11 Pro,QWERTZ,https://www.amazon.de/Kayoote-Prozessor-Beleuchtete-Fingerabdruck-Tragbarer/dp/B0H98LRXVJ/ref=sr_1_38?dib=eyJ2IjoiMSJ9.fBMPCylFxBaFdID6CRwnK00iwdcm6e1N1mUJKY5lidSKsPtVKMPdauu9mdylUsBtCs9sBpwYboJXaOQ1G6-KSr2KY_EBySjwxEidUyoaNRTuSz04U4F_xJN2JnFaRWQBp7qJOGH53LY5LbyAIE5m-nJfLkQg1ZnW5w-c_SgnzLMZtQFI-6E_rV7lLq6pmprgJkjBOevIGTfPqklD8CANMp0CUPLoLqaZ8DeGF95WeCc.8EFcABQgiKj4xOXLgM9GWgVYncTEugcOMbGP4WQtRrY&dib_tag=se&keywords=laptop&qid=1788690701&sr=8-38&xpid=sLKVI6PriDQ7N,3.0,1,0
B0G4WG4WNX,"14 Zoll Laptop, 8GB RAM, 128GB SSD, Celeron J4105 bis zu 2,5 GHz | FHD Display, Webcam, WiFi, USB 3.0 x2, Mini-HDMI, ultradünnes Notebook für Anfänger und Studenten, inkl. DE Tastaturabdeckung",Nmybwo,202.78,5.0,2.0,Intel Celeron J4105,8.0,128.0,AMD Radeon 610M,14.0,1920x1080,Windows 11 Home,QWERTZ,https://www.amazon.de/Nmybwo-Laptop-128GB-Celeron-J4105/dp/B0G4WG4WNX/ref=sr_1_39?dib=eyJ2IjoiMSJ9.fBMPCylFxBaFdID6CRwnK00iwdcm6e1N1mUJKY5lidSKsPtVKMPdauu9mdylUsBtCs9sBpwYboJXaOQ1G6-KSr2KY_EBySjwxEidUyoaNRTuSz04U4F_xJN2JnFaRWQBp7qJOGH53LY5LbyAIE5m-nJfLkQg1ZnW5w-c_SgnzLMZtQFI-6E_rV7lLq6pmprgJkjBOevIGTfPqklD8CANMp0CUPLoLqaZ8DeGF95WeCc.8EFcABQgiKj4xOXLgM9GWgVYncTEugcOMbGP4WQtRrY&dib_tag=se&keywords=laptop&qid=1788690701&sr=8-39&xpid=sLKVI6PriDQ7N,3.0,1,1
B0DYKVHN9S,"HP OmniBook X Flip 2-in-1 Laptop (14"" 2K Touchscreen, AMD Ryzen AI 7, Copilot+, 16GB RAM, 512GB, Win11, QWERTZ) - Silber",HP,1056.07,4.2,99.0,AMD Ryzen AI 7 350,16.0,512.0,AMD Radeon Graphics,14.0,1920x1200,Windows 11 Home,QWERTZ,https://www.amazon.de/HP-OmniBook-dedizierte-1920x1200-Touchscreen/dp/B0DYKVHN9S/ref=sr_1_40?dib=eyJ2IjoiMSJ9.fBMPCylFxBaFdID6CRwnK00iwdcm6e1N1mUJKY5lidSKsPtVKMPdauu9mdylUsBtCs9sBpwYboJXaOQ1G6-KSr2KY_EBySjwxEidUyoaNRTuSz04U4F_xJN2JnFaRWQBp7qJOGH53LY5LbyAIE5m-nJfLkQg1ZnW5w-c_SgnzLMZtQFI-6E_rV7lLq6pmprgJkjBOevIGTfPqklD8CANMp0CUPLoLqaZ8DeGF95WeCc.8EFcABQgiKj4xOXLgM9GWgVYncTEugcOMbGP4WQtRrY&dib_tag=se&keywords=laptop&qid=1788690701&sr=8-40&xpid=sLKVI6PriDQ7N,3.0,0,1
B0F9YYDDFD,"Dell 15 Laptop DC15250 15.6"" FHD (1920 x 1080) 120Hz, Intel Core i7-1355U, Intel UHD Graphics, 16GB DDR4 RAM, 512GB SSD, Windows 11 Home, QWERTZ Backlit Keyboard - Black",Dell,679.0,4.1,96.0,Intel Core i7-1355U,16.0,512.0,Intel UHD Graphics,15.6,1920x1080,Windows 11 Home,QWERTZ,https://www.amazon.de/Dell-DC15250-i7-1355U-Graphics-Keyboard/dp/B0F9YYDDFD/ref=sr_1_41?dib=eyJ2IjoiMSJ9.fBMPCylFxBaFdID6CRwnK00iwdcm6e1N1mUJKY5lidSKsPtVKMPdauu9mdylUsBtCs9sBpwYboJXaOQ1G6-KSr2KY_EBySjwxEidUyoaNRTuSz04U4F_xJN2JnFaRWQBp7qJOGH53LY5LbyAIE5m-nJfLkQg1ZnW5w-c_SgnzLMZtQFI-6E_rV7lLq6pmprgJkjBOevIGTfPqklD8CANMp0CUPLoLqaZ8DeGF95WeCc.8EFcABQgiKj4xOXLgM9GWgVYncTEugcOMbGP4WQtRrY&dib_tag=se&keywords=laptop&qid=1788690701&sr=8-41&xpid=sLKVI6PriDQ7N,3.0,0,1
B0GD84F9FS,"Lenovo IdeaPad Slim 5 | Laptop | Intel Ultra 9 | 32GB | 1TB | Ohne Netzteil | 14"" WUXGA OLED Display | Intel Core Ultra 9 185H,16C | 1TBSSD | 32GB RAM | Intel Arc Grafik | QWERTZ | Windows 11 | Grau",Lenovo,1030.29,4.1,110.0,Intel Core Ultra 9 185H,32.0,1024.0,Intel Arc Graphics,14.0,1920x1200,Windows 11,QWERTZ,https://www.amazon.de/Lenovo-IdeaPad-Copilot-Display-Beleuchtet/dp/B0GD84F9FS/ref=sr_1_42?dib=eyJ2IjoiMSJ9.fBMPCylFxBaFdID6CRwnK00iwdcm6e1N1mUJKY5lidSKsPtVKMPdauu9mdylUsBtCs9sBpwYboJXaOQ1G6-KSr2KY_EBySjwxEidUyoaNRTuSz04U4F_xJN2JnFaRWQBp7qJOGH53LY5LbyAIE5m-nJfLkQg1ZnW5w-c_SgnzLMZtQFI-6E_rV7lLq6pmprgJkjBOevIGTfPqklD8CANMp0CUPLoLqaZ8DeGF95WeCc.8EFcABQgiKj4xOXLgM9GWgVYncTEugcOMbGP4WQtRrY&dib_tag=se&keywords=laptop&qid=1788690701&sr=8-42&xpid=sLKVI6PriDQ7N,3.0,0,0
B0F3DHMM39,"Lenovo Legion 5i | Laptop | i7| 32GB | 1TB | RTX 5070 | 15.1"" WQXGA Display | 165Hz | OLED | NVIDIA RTX 5070 | Intel i7-13650HX | 32GB RAM | 1TB SSD | QWERTZ | Windows 11 | Schwarz",Lenovo,1803.65,4.1,200.0,Intel Core i7-13650HX,32.0,1024.0,NVIDIA GeForce RTX 5070,15.1,2560x1600,Windows 11 Home,QWERTZ,https://www.amazon.de/Lenovo-Legion-Laptop-32GB-5070/dp/B0F3DHMM39/ref=sr_1_43?dib=eyJ2IjoiMSJ9.fBMPCylFxBaFdID6CRwnK00iwdcm6e1N1mUJKY5lidSKsPtVKMPdauu9mdylUsBtCs9sBpwYboJXaOQ1G6-KSr2KY_EBySjwxEidUyoaNRTuSz04U4F_xJN2JnFaRWQBp7qJOGH53LY5LbyAIE5m-nJfLkQg1ZnW5w-c_SgnzLMZtQFI-6E_rV7lLq6pmprgJkjBOevIGTfPqklD8CANMp0CUPLoLqaZ8DeGF95WeCc.8EFcABQgiKj4xOXLgM9GWgVYncTEugcOMbGP4WQtRrY&dib_tag=se&keywords=laptop&qid=1788690701&sr=8-43&xpid=sLKVI6PriDQ7N,3.0,1,1
B0DTKKSSVH,"Samsung Galaxy Book5 360 15,6"" 2-in-1-Laptop, Convertible AI-Notebook mit Intel Core Ultra 7 Prozessor, 16 GB RAM, 512 GB Speicher, Moonstone Gray, 3 Jahre Herstellergarantie [Exklusiv bei Amazon]",Samsung,936.44,4.4,78.0,Intel Core Ultra 7,16.0,512.0,Intel Arc Graphics,15.6,2560x1440,Windows 11 Home,QWERTZ,https://www.amazon.de/Samsung-1-Laptop-Convertible-AI-Notebook-Herstellergarantie/dp/B0DTKKSSVH/ref=sr_1_44?dib=eyJ2IjoiMSJ9.fBMPCylFxBaFdID6CRwnK00iwdcm6e1N1mUJKY5lidSKsPtVKMPdauu9mdylUsBtCs9sBpwYboJXaOQ1G6-KSr2KY_EBySjwxEidUyoaNRTuSz04U4F_xJN2JnFaRWQBp7qJOGH53LY5LbyAIE5m-nJfLkQg1ZnW5w-c_SgnzLMZtQFI-6E_rV7lLq6pmprgJkjBOevIGTfPqklD8CANMp0CUPLoLqaZ8DeGF95WeCc.8EFcABQgiKj4xOXLgM9GWgVYncTEugcOMbGP4WQtRrY&dib_tag=se&keywords=laptop&qid=1788690701&sr=8-44&xpid=sLKVI6PriDQ7N,3.0,1,1
B0FX2Q7TBL,"16-Zoll-Laptop,8GB DDR RAM, 256GB SSD tragbarer Laptop,erweiterbar auf 1 TB,AMD A9-9400 Radeon R5 Prozessor bis zu 3,2 GHz,9000-mAh-Akku,USB-3.0-Schnittstelle,Dual-Band-WLAN, Webcam, schlankes Laptops",Morostron,214.81,3.0,19.0,Intel Core i3-8130U,8.0,256.0,Intel UHD Graphics,16.0,1920x1080,Windows 11 Pro,QWERTZ,https://www.amazon.de/Morostron-16-Zoll-Laptop-erweiterbar-TB-Pentium-Quad-Core-Prozessor-GHz-9000-mAh-Akku-Mini-HDMI-Schnittstelle-Dualband-WLAN-Webcam-Schlank/dp/B0FX2Q7TBL/ref=sr_1_45?dib=eyJ2IjoiMSJ9.fBMPCylFxBaFdID6CRwnK00iwdcm6e1N1mUJKY5lidSKsPtVKMPdauu9mdylUsBtCs9sBpwYboJXaOQ1G6-KSr2KY_EBySjwxEidUyoaNRTuSz04U4F_xJN2JnFaRWQBp7qJOGH53LY5LbyAIE5m-nJfLkQg1ZnW5w-c_SgnzLMZtQFI-6E_rV7lLq6pmprgJkjBOevIGTfPqklD8CANMp0CUPLoLqaZ8DeGF95WeCc.8EFcABQgiKj4xOXLgM9GWgVYncTEugcOMbGP4WQtRrY&dib_tag=se&keywords=laptop&qid=1788690701&sr=8-45&xpid=sLKVI6PriDQ7N,3.0,1,1
B0GTVQL3DW,"Laptop 18,5 Zoll FHD Display, 16GB RAM 256GB SSD AI-Unterstützung | Core I3, WiFi 6, Vollfunktions Type-C, Deutsche Tastatur Ideal für Studium, Homeoffice und Business",Liuord,687.42,4.3,26.0,Intel Core i3,16.0,256.0,AMD Radeon Graphics,18.5,1920x1080,Windows 11,QWERTZ,https://www.amazon.de/Liuord-Laptop-Display-256GB-AI-Unterst%C3%BCtzung/dp/B0GTVQL3DW/ref=sr_1_46?dib=eyJ2IjoiMSJ9.fBMPCylFxBaFdID6CRwnK00iwdcm6e1N1mUJKY5lidSKsPtVKMPdauu9mdylUsBtCs9sBpwYboJXaOQ1G6-KSr2KY_EBySjwxEidUyoaNRTuSz04U4F_xJN2JnFaRWQBp7qJOGH53LY5LbyAIE5m-nJfLkQg1ZnW5w-c_SgnzLMZtQFI-6E_rV7lLq6pmprgJkjBOevIGTfPqklD8CANMp0CUPLoLqaZ8DeGF95WeCc.8EFcABQgiKj4xOXLgM9GWgVYncTEugcOMbGP4WQtRrY&dib_tag=se&keywords=laptop&qid=1788690701&sr=8-46&xpid=sLKVI6PriDQ7N,3.0,1,1
B0GMCYX8ND,Lenovo ThinkPad T14 G1 Laptop | 14 Zoll | 1920 x 1080 | AMD Ryzen 5 Pro 4650U | 16 GB DDR4 RAM | 256 GB NVMe | DE-QWERTZ | Windows 11 Pro | 1 Jahr Garantie | (Generalüberholt),Amazon Renewed,529.31,4.3,10.0,AMD Ryzen 5 Pro,16.0,256.0,Intel UHD Graphics,14.0,1920x1080,Windows 11 Pro,QWERTZ,https://www.amazon.de/Lenovo-ThinkPad-T14-G1-General%C3%BCberholt/dp/B0GMCYX8ND/ref=sr_1_47?dib=eyJ2IjoiMSJ9.fBMPCylFxBaFdID6CRwnK00iwdcm6e1N1mUJKY5lidSKsPtVKMPdauu9mdylUsBtCs9sBpwYboJXaOQ1G6-KSr2KY_EBySjwxEidUyoaNRTuSz04U4F_xJN2JnFaRWQBp7qJOGH53LY5LbyAIE5m-nJfLkQg1ZnW5w-c_SgnzLMZtQFI-6E_rV7lLq6pmprgJkjBOevIGTfPqklD8CANMp0CUPLoLqaZ8DeGF95WeCc.8EFcABQgiKj4xOXLgM9GWgVYncTEugcOMbGP4WQtRrY&dib_tag=se&keywords=laptop&qid=1788690701&sr=8-47&xpid=sLKVI6PriDQ7N,3.0,0,0
B0GJ3BNDBK,"HP OmniBook X Flip Laptop, 16"" 2K, Intel Core Ultra 5, 16GB RAM, 512GB SSD | Copilot+ 2-in-1 KI Notebook mit Windows 11, wandelbar und mobil für Business und Streaming - ohne Ladegerät, QWERTZ, Silber",HP,604.95,4.0,16.0,Intel Core Ultra 5,16.0,512.0,Intel Arc Graphics,16.0,1920x1200,Windows 11 Home,QWERTZ,https://www.amazon.de/HP-OmniBook-Flip-Laptop-16-as0254ng/dp/B0GJ3BNDBK/ref=sr_1_48?dib=eyJ2IjoiMSJ9.fBMPCylFxBaFdID6CRwnK00iwdcm6e1N1mUJKY5lidSKsPtVKMPdauu9mdylUsBtCs9sBpwYboJXaOQ1G6-KSr2KY_EBySjwxEidUyoaNRTuSz04U4F_xJN2JnFaRWQBp7qJOGH53LY5LbyAIE5m-nJfLkQg1ZnW5w-c_SgnzLMZtQFI-6E_rV7lLq6pmprgJkjBOevIGTfPqklD8CANMp0CUPLoLqaZ8DeGF95WeCc.8EFcABQgiKj4xOXLgM9GWgVYncTEugcOMbGP4WQtRrY&dib_tag=se&keywords=laptop&qid=1788690701&sr=8-48&xpid=sLKVI6PriDQ7N,3.0,0,1
B0GMR9FCWZ,"Lenovo IdeaPad Slim 3 | Laptop | Ryzen 5 | 16GB | 512GB | Ohne Netzteil | 15.3"" WUXGA Display | AMD Ryzen 5 150 | 512GB SSD | 16GB RAM | AMD Radeon 660M Grafik | QWERTZ | Windows 11 | Grau",Lenovo,583.46,5.0,1.0,AMD Ryzen 5 150,16.0,512.0,AMD Radeon 660M,15.3,1920x1200,Windows 11,QWERTZ,https://www.amazon.de/Lenovo-IdeaPad-Display-Windows-Premium/dp/B0GMR9FCWZ/ref=sr_1_49?dib=eyJ2IjoiMSJ9.y362G_P_GbdTWHgr52D8aZGUq4SiRlDFJhO_RGXLkKcHZkUuq3aqaErgfzC3_XQVqmkFc7Rcwo-CMfnrdSS2EtvE0-EHxL1Gxtxy2Z8YS66o1-G84iTCshfQSHB4WnopKW9-Ll5CwGm90k89-c1sMdVl64DtbVHSv0VmjSuhS1D-uPoYKJHA8nHskAbKtN41WrRBq57Efveoy_wn96xmtUwlE5igfv5wPiWjXOZKCCY.m8gIBGnaYJu7-IxGETt0fHhnRq4QqVsH4lSH01us-w4&dib_tag=se&keywords=laptop&qid=1788690799&sr=8-49&xpid=sLKVI6PriDQ7N,4.0,1,0
B0H5CPVX3Y,"Molegar 15,6 Zoll FHD IPS Süß Laptop Roségold | Ryzen 3 3000 Serie bis 3,5 GHz | 8GB DDR4 256GB SSD | Beleuchtete Tastatur Fingerabdruck | WiFi 6 BT5.2 Type-C | Tragbar für Büro & Studium",Molegar,369.49,3.8,61.0,AMD Ryzen 3 3000 Series,8.0,256.0,AMD Radeon Graphics,15.6,1920x1080,Unknown,QWERTY,https://www.amazon.de/Molegar-Ros%C3%A9gold-Beleuchtete-Tastatur-Fingerabdruck/dp/B0H5CPVX3Y/ref=sr_1_51?dib=eyJ2IjoiMSJ9.y362G_P_GbdTWHgr52D8aZGUq4SiRlDFJhO_RGXLkKcHZkUuq3aqaErgfzC3_XQVqmkFc7Rcwo-CMfnrdSS2EtvE0-EHxL1Gxtxy2Z8YS66o1-G84iTCshfQSHB4WnopKW9-Ll5CwGm90k89-c1sMdVl64DtbVHSv0VmjSuhS1D-uPoYKJHA8nHskAbKtN41WrRBq57Efveoy_wn96xmtUwlE5igfv5wPiWjXOZKCCY.m8gIBGnaYJu7-IxGETt0fHhnRq4QqVsH4lSH01us-w4&dib_tag=se&keywords=laptop&qid=1788690799&sr=8-51&xpid=sLKVI6PriDQ7N,4.0,0,0
B0DTKK7JRN,"Samsung Galaxy Book4 Notebook, 15,6-Zoll-Display, Intel Core i3-Prozessor, 8 GB RAM, Laptop mit 256 GB Speicher, Gray, 3 Jahre Herstellergarantie, Windows 11 Home [Exklusiv auf Amazon]",Samsung,586.89,4.5,138.0,Intel Core i3,8.0,256.0,NVIDIA GeForce RTX 4050,15.6,1920x1080,Windows 11 Home,QWERTZ,https://www.amazon.de/Samsung-Notebook-6-Zoll-Display-i3-Prozessor-Herstellergarantie/dp/B0DTKK7JRN/ref=sr_1_52?dib=eyJ2IjoiMSJ9.y362G_P_GbdTWHgr52D8aZGUq4SiRlDFJhO_RGXLkKcHZkUuq3aqaErgfzC3_XQVqmkFc7Rcwo-CMfnrdSS2EtvE0-EHxL1Gxtxy2Z8YS66o1-G84iTCshfQSHB4WnopKW9-Ll5CwGm90k89-c1sMdVl64DtbVHSv0VmjSuhS1D-uPoYKJHA8nHskAbKtN41WrRBq57Efveoy_wn96xmtUwlE5igfv5wPiWjXOZKCCY.m8gIBGnaYJu7-IxGETt0fHhnRq4QqVsH4lSH01us-w4&dib_tag=se&keywords=laptop&qid=1788690799&sr=8-52&xpid=sLKVI6PriDQ7N,4.0,1,1
B0GYP3SKQ7,"Lenovo ThinkPad X13 Gen 1 Business-Laptop, 13,3 Zoll FHD Notebook, AMD Ryzen 5 Pro 4650U, 32 GB RAM, 256 GB SSD, Japanische QWERTY Tastatur, Windows 11 Pro (Generalüberholt)",Amazon Renewed,270.68,5.0,3.0,AMD Ryzen 5 Pro,32.0,256.0,AMD Radeon 660M,13.3,1920x1080,Windows 11 Pro,QWERTZ,https://www.amazon.de/Lenovo-ThinkPad-X13-Gen-Business-Laptop/dp/B0GYP3SKQ7/ref=sr_1_53?dib=eyJ2IjoiMSJ9.y362G_P_GbdTWHgr52D8aZGUq4SiRlDFJhO_RGXLkKcHZkUuq3aqaErgfzC3_XQVqmkFc7Rcwo-CMfnrdSS2EtvE0-EHxL1Gxtxy2Z8YS66o1-G84iTCshfQSHB4WnopKW9-Ll5CwGm90k89-c1sMdVl64DtbVHSv0VmjSuhS1D-uPoYKJHA8nHskAbKtN41WrRBq57Efveoy_wn96xmtUwlE5igfv5wPiWjXOZKCCY.m8gIBGnaYJu7-IxGETt0fHhnRq4QqVsH4lSH01us-w4&dib_tag=se&keywords=laptop&qid=1788690799&sr=8-53&xpid=sLKVI6PriDQ7N,4.0,1,1
B097979HNX,"MSI Venture 17 AI, Business Laptop, Core Ultra 7 Prozessor, 17,3"" Full HD Display, Arc Grafik, 16 GB RAM, 512 GB SSD, Windows 11 Home, QWERTZ Tastatur, A1MG-006",MSI,756.71,5.0,5.0,Intel Core Ultra 7,16.0,512.0,Intel Arc Graphics,17.3,1920x1080,Windows 11 Home,QWERTZ,https://www.amazon.de/MSI-Business-Prozessor-Tastatur-A1MG-006/dp/B097979HNX/ref=sr_1_54?dib=eyJ2IjoiMSJ9.y362G_P_GbdTWHgr52D8aZGUq4SiRlDFJhO_RGXLkKcHZkUuq3aqaErgfzC3_XQVqmkFc7Rcwo-CMfnrdSS2EtvE0-EHxL1Gxtxy2Z8YS66o1-G84iTCshfQSHB4WnopKW9-Ll5CwGm90k89-c1sMdVl64DtbVHSv0VmjSuhS1D-uPoYKJHA8nHskAbKtN41WrRBq57Efveoy_wn96xmtUwlE5igfv5wPiWjXOZKCCY.m8gIBGnaYJu7-IxGETt0fHhnRq4QqVsH4lSH01us-w4&dib_tag=se&keywords=laptop&qid=1788690799&sr=8-54&xpid=sLKVI6PriDQ7N,4.0,0,1
B0DS276GVH,"Acer Aspire Lite AL15-32P-C9QZ Laptop, Notebook, Prozessor Intel Celeron N4500, RAM 4 GB DDR4, eMMC 128 GB, Display 15,6 Zoll FHD IPS, Grafikkarte Intel UHD Graphics, Windows 11 Home in S Mode",Acer,299.89,4.3,72.0,Intel Celeron N4500,4.0,128.0,AMD Radeon 610M,15.6,1920x1080,WINDOWS 11 HOME,QWERTY,https://www.amazon.de/Acer-AL15-32P-C9QZ-Notebook-Prozessor-Grafikkarte/dp/B0DS276GVH/ref=sr_1_55?dib=eyJ2IjoiMSJ9.y362G_P_GbdTWHgr52D8aZGUq4SiRlDFJhO_RGXLkKcHZkUuq3aqaErgfzC3_XQVqmkFc7Rcwo-CMfnrdSS2EtvE0-EHxL1Gxtxy2Z8YS66o1-G84iTCshfQSHB4WnopKW9-Ll5CwGm90k89-c1sMdVl64DtbVHSv0VmjSuhS1D-uPoYKJHA8nHskAbKtN41WrRBq57Efveoy_wn96xmtUwlE5igfv5wPiWjXOZKCCY.m8gIBGnaYJu7-IxGETt0fHhnRq4QqVsH4lSH01us-w4&dib_tag=se&keywords=laptop&qid=1788690799&sr=8-55&xpid=sLKVI6PriDQ7N,4.0,1,1
B0836QR869,"Acer Aspire 16 AI | Laptop | Ryzen AI 5 | 16GB | 512GB | mit Netzteil | 16"" 120Hz Display | AMD Ryzen AI 5 330 | 16GB RAM | 512GB SSD | Radeon 820M | Windows 11 | QWERTZ Keyboard | A16-61M-R98E",Acer,600.64,4.3,7.0,AMD Ryzen AI 5,16.0,512.0,AMD Radeon 820M,16.0,1920x1200,Windows 11 Home,QWERTZ,https://www.amazon.de/Acer-Aspire-Laptop-Ryzen-Netzteil/dp/B0836QR869/ref=sr_1_56?dib=eyJ2IjoiMSJ9.y362G_P_GbdTWHgr52D8aZGUq4SiRlDFJhO_RGXLkKcHZkUuq3aqaErgfzC3_XQVqmkFc7Rcwo-CMfnrdSS2EtvE0-EHxL1Gxtxy2Z8YS66o1-G84iTCshfQSHB4WnopKW9-Ll5CwGm90k89-c1sMdVl64DtbVHSv0VmjSuhS1D-uPoYKJHA8nHskAbKtN41WrRBq57Efveoy_wn96xmtUwlE5igfv5wPiWjXOZKCCY.m8gIBGnaYJu7-IxGETt0fHhnRq4QqVsH4lSH01us-w4&dib_tag=se&keywords=laptop&qid=1788690799&sr=8-56&xpid=sLKVI6PriDQ7N,4.0,0,0
B0G6WVQKMR,"16 Zoll FHD Gaming Laptop mit AMD Ryzen 7 4800H 8-Kern-Prozessor, 16GB DDR4 RAM, 512GB SSD, AMD Radeon Graphics, Wi-Fi 6, IPS Bildschirm, 65W Typ-C, Fingerabdrucksensor",Breloom,386.67,4.5,2.0,AMD Ryzen 7 4800H,16.0,512.0,AMD Radeon RX Vega,16.0,1920x1200,Windows 11,QWERTY,https://www.amazon.de/Breloom-4800H-8-Kern-Prozessor-Bildschirm-Fingerabdrucksensor/dp/B0G6WVQKMR/ref=sr_1_57?dib=eyJ2IjoiMSJ9.y362G_P_GbdTWHgr52D8aZGUq4SiRlDFJhO_RGXLkKcHZkUuq3aqaErgfzC3_XQVqmkFc7Rcwo-CMfnrdSS2EtvE0-EHxL1Gxtxy2Z8YS66o1-G84iTCshfQSHB4WnopKW9-Ll5CwGm90k89-c1sMdVl64DtbVHSv0VmjSuhS1D-uPoYKJHA8nHskAbKtN41WrRBq57Efveoy_wn96xmtUwlE5igfv5wPiWjXOZKCCY.m8gIBGnaYJu7-IxGETt0fHhnRq4QqVsH4lSH01us-w4&dib_tag=se&keywords=laptop&qid=1788690799&sr=8-57&xpid=sLKVI6PriDQ7N,4.0,1,0
B0GT1K4CPY,"THEYETI Laptop 15.6 Zoll, 16GB RAM 512GB ROM,Enthaltene AI Copilot, AMD R5 (bis zu 3.6GHz), FHD Display Notebook, WiFi 6 USB 3.0 Full-Function Type-C (Schwarz)",THEYETI,326.52,5.0,8.0,Intel Core i5-1145G7,16.0,512.0,AMD Radeon R5,15.6,1920x1080,Windows 11,QWERTZ,https://www.amazon.de/THEYETI-Enthaltene-Copilot-Notebook-Full-Function/dp/B0GT1K4CPY/ref=sr_1_58?dib=eyJ2IjoiMSJ9.y362G_P_GbdTWHgr52D8aZGUq4SiRlDFJhO_RGXLkKcHZkUuq3aqaErgfzC3_XQVqmkFc7Rcwo-CMfnrdSS2EtvE0-EHxL1Gxtxy2Z8YS66o1-G84iTCshfQSHB4WnopKW9-Ll5CwGm90k89-c1sMdVl64DtbVHSv0VmjSuhS1D-uPoYKJHA8nHskAbKtN41WrRBq57Efveoy_wn96xmtUwlE5igfv5wPiWjXOZKCCY.m8gIBGnaYJu7-IxGETt0fHhnRq4QqVsH4lSH01us-w4&dib_tag=se&keywords=laptop&qid=1788690799&sr=8-58&xpid=sLKVI6PriDQ7N,4.0,1,1
B08334HRVN,"Acer Nitro V17 AI | Gaming Laptop | Ryzen 9 | RTX 5070 | 32GB | 1TB | 17"" FHD 144Hz Display| AMD Ryzen AI 9 365|NVIDIA RTX 5070 | 32GB RAM| 1TB SSD | Windows 11| QWERTZ Tastatur | ANV17-61-R3KD",Acer,1675.61,4.6,33.0,AMD Ryzen AI 9,32.0,1024.0,NVIDIA GeForce RTX 5070,17.3,1920x1080,Windows 11 Home,QWERTZ,https://www.amazon.de/acer-Acer-ANV17-61-R3KD/dp/B08334HRVN/ref=sr_1_59?dib=eyJ2IjoiMSJ9.y362G_P_GbdTWHgr52D8aZGUq4SiRlDFJhO_RGXLkKcHZkUuq3aqaErgfzC3_XQVqmkFc7Rcwo-CMfnrdSS2EtvE0-EHxL1Gxtxy2Z8YS66o1-G84iTCshfQSHB4WnopKW9-Ll5CwGm90k89-c1sMdVl64DtbVHSv0VmjSuhS1D-uPoYKJHA8nHskAbKtN41WrRBq57Efveoy_wn96xmtUwlE5igfv5wPiWjXOZKCCY.m8gIBGnaYJu7-IxGETt0fHhnRq4QqVsH4lSH01us-w4&dib_tag=se&keywords=laptop&qid=1788690799&sr=8-59&xpid=sLKVI6PriDQ7N,4.0,1,0
B0GQT9GTFR,"2-in-1 Touchscreen Laptop 16 Zoll, Ryzen 3 3300U, 16GB RAM, 512GB SSD | 360° Convertible, Fingerabdrucksensor, Beleuchtete Tastatur, WiFi 6, Bluetooth 5.2, IPS FHD, USB-C Multifunktionsanschluss",BTDD,400.42,4.3,66.0,AMD Ryzen 3 3300U,16.0,512.0,AMD Radeon Vega,16.0,1920x1200,Windows 11 Home,QWERTZ,https://www.amazon.de/BTDD-Touchscreen-Laptop-Ryzen-3300U/dp/B0GQT9GTFR/ref=sr_1_60?dib=eyJ2IjoiMSJ9.y362G_P_GbdTWHgr52D8aZGUq4SiRlDFJhO_RGXLkKcHZkUuq3aqaErgfzC3_XQVqmkFc7Rcwo-CMfnrdSS2EtvE0-EHxL1Gxtxy2Z8YS66o1-G84iTCshfQSHB4WnopKW9-Ll5CwGm90k89-c1sMdVl64DtbVHSv0VmjSuhS1D-uPoYKJHA8nHskAbKtN41WrRBq57Efveoy_wn96xmtUwlE5igfv5wPiWjXOZKCCY.m8gIBGnaYJu7-IxGETt0fHhnRq4QqVsH4lSH01us-w4&dib_tag=se&keywords=laptop&qid=1788690799&sr=8-60&xpid=sLKVI6PriDQ7N,4.0,0,1
B0F8F3NNS6,"Lenovo IdeaPad Slim 3i Laptop | 14"" WUXGA Display | Intel Core i5 13420H | 16GB RAM | 512GB SSD | Intel UHD Grafik | Win11 | QWERTZ | Luna Grau | 3 Monate Premium Care",Lenovo,622.21,4.4,142.0,Intel Core i5-13420H,16.0,512.0,AMD Radeon Graphics,14.0,1920x1200,Windows 11,QWERTZ,https://www.amazon.de/Lenovo-IdeaPad-Display-Windows-Premium/dp/B0F8F3NNS6/ref=sr_1_61?dib=eyJ2IjoiMSJ9.y362G_P_GbdTWHgr52D8aZGUq4SiRlDFJhO_RGXLkKcHZkUuq3aqaErgfzC3_XQVqmkFc7Rcwo-CMfnrdSS2EtvE0-EHxL1Gxtxy2Z8YS66o1-G84iTCshfQSHB4WnopKW9-Ll5CwGm90k89-c1sMdVl64DtbVHSv0VmjSuhS1D-uPoYKJHA8nHskAbKtN41WrRBq57Efveoy_wn96xmtUwlE5igfv5wPiWjXOZKCCY.m8gIBGnaYJu7-IxGETt0fHhnRq4QqVsH4lSH01us-w4&dib_tag=se&keywords=laptop&qid=1788690799&sr=8-61&xpid=sLKVI6PriDQ7N,4.0,1,1
B0GMQD788T,"Lenovo Chromebook | Laptop | MediaTek | 4GB RAM| 128GB SSD | Ohne Netzteil | 14"" WUXGA Display | MediaTek Kompanio 540 | 4GB RAM | 128GB UFS 2.2| ARM Mali-G57 MC3 Grafik | ChromeOS | QWERTZ | Blau",Lenovo,325.67,3.7,62.0,AMD Ryzen 5 150,4.0,128.0,NVIDIA GeForce RTX 5060,14.0,1920x1200,Chrome OS,QWERTZ,https://www.amazon.de/Lenovo-Chromebook-MediaTek-Kompanio-Mali-G57/dp/B0GMQD788T/ref=sr_1_62?dib=eyJ2IjoiMSJ9.y362G_P_GbdTWHgr52D8aZGUq4SiRlDFJhO_RGXLkKcHZkUuq3aqaErgfzC3_XQVqmkFc7Rcwo-CMfnrdSS2EtvE0-EHxL1Gxtxy2Z8YS66o1-G84iTCshfQSHB4WnopKW9-Ll5CwGm90k89-c1sMdVl64DtbVHSv0VmjSuhS1D-uPoYKJHA8nHskAbKtN41WrRBq57Efveoy_wn96xmtUwlE5igfv5wPiWjXOZKCCY.m8gIBGnaYJu7-IxGETt0fHhnRq4QqVsH4lSH01us-w4&dib_tag=se&keywords=laptop&qid=1788690799&sr=8-62&xpid=sLKVI6PriDQ7N,4.0,1,1
B0FF3LVKF4,"MSI Cyborg 17, Gaming-Laptop, 17,3"" Full-HD 144 Hz Display, Intel Core 7 240H, NVIDIA GeForce RTX 5060, 16 GB DDR5, 1 TB SSD, Windows 11 Home, inkl. 1 Monat GamePass, B2RWFKG-048",MSI,1374.0,4.4,32.0,Intel Core 7,16.0,1024.0,NVIDIA GeForce RTX 5060,17.3,1920x1080,Windows 11 Home,QWERTZ,https://www.amazon.de/MSI-Gaming-Laptop-Full-HD-GamePass-B2RWFKG-048/dp/B0FF3LVKF4/ref=sr_1_63?dib=eyJ2IjoiMSJ9.y362G_P_GbdTWHgr52D8aZGUq4SiRlDFJhO_RGXLkKcHZkUuq3aqaErgfzC3_XQVqmkFc7Rcwo-CMfnrdSS2EtvE0-EHxL1Gxtxy2Z8YS66o1-G84iTCshfQSHB4WnopKW9-Ll5CwGm90k89-c1sMdVl64DtbVHSv0VmjSuhS1D-uPoYKJHA8nHskAbKtN41WrRBq57Efveoy_wn96xmtUwlE5igfv5wPiWjXOZKCCY.m8gIBGnaYJu7-IxGETt0fHhnRq4QqVsH4lSH01us-w4&dib_tag=se&keywords=laptop&qid=1788690799&sr=8-63&xpid=sLKVI6PriDQ7N,4.0,1,1
B0GP63VKQ5,Lenovo ThinkPad T14 Gen 2 14 Zoll 1920x1080 Full HD Intel Core i5 1145G7 256GB SSD Festplatte 16GB Speicher Windows 11 Pro Webcam Notebook Laptop (Generalüberholt),Amazon Renewed,360.9,4.9,4.0,Intel Core i5-1145G7,16.0,256.0,Intel Iris Xe,14.0,1920x1080,Windows 11 Pro,QWERTZ,https://www.amazon.de/Lenovo-ThinkPad-1920x1080-Festplatte-General%C3%BCberholt/dp/B0GP63VKQ5/ref=sr_1_64?dib=eyJ2IjoiMSJ9.y362G_P_GbdTWHgr52D8aZGUq4SiRlDFJhO_RGXLkKcHZkUuq3aqaErgfzC3_XQVqmkFc7Rcwo-CMfnrdSS2EtvE0-EHxL1Gxtxy2Z8YS66o1-G84iTCshfQSHB4WnopKW9-Ll5CwGm90k89-c1sMdVl64DtbVHSv0VmjSuhS1D-uPoYKJHA8nHskAbKtN41WrRBq57Efveoy_wn96xmtUwlE5igfv5wPiWjXOZKCCY.m8gIBGnaYJu7-IxGETt0fHhnRq4QqVsH4lSH01us-w4&dib_tag=se&keywords=laptop&qid=1788690799&sr=8-64&xpid=sLKVI6PriDQ7N,4.0,0,0
B0F9X5TG2Q,"HP Omen Gaming Laptop, 16"" 2K WUXGA Display,1920×1200, 16:10, 144Hz, AMD Ryzen 9 8940HX, NVIDIA GeForce RTX 5060 (8 GB), 16GB RAM, 1TB SSD, Win 11, 4-Zonen-RGB-QWERTZ, Wi-Fi 6, Shadow Black",HP,994.21,4.1,29.0,AMD Ryzen 9 8940HX,16.0,1024.0,NVIDIA GeForce RTX 5060,16.0,1920x1200,Windows 11 Home,QWERTZ,https://www.amazon.de/HP-Gaming-Laptop-Display-1920%C3%971200/dp/B0F9X5TG2Q/ref=sr_1_66?dib=eyJ2IjoiMSJ9.SS0UmWDfXuDvB4vTP8iZwE9vfkVEweBDFuLSd1fOoz6F9w5Jv2AfaC_VS4S93dpMX4jTexmhrTeTu0yD594SoFKVK5UivHYaEfpdZu7wJqCPT1UHFEBXW-1PMzdRxWVrj7XDBT8qvevqIrA7GwIrZy9tBZyF2gRsotkJVFvJqJD0EjXpUtBZmlOYbiC3iewr5fzq5PR_EuryMuU_NWV4QMzNuXya5Nmbe3_ijYHtqFU.WEXS7Ny-Zp0Fn14mUT47TNHbX2erT6cbENdUnwtk4Pg&dib_tag=se&keywords=laptop&qid=1788690897&sr=8-66&xpid=sLKVI6PriDQ7N,5.0,1,0
B0GHZN1WVF,"Dell 15 Laptop - Intel Core i7-1355U, 16GB RAM, 512GB SSD | 15.6"" FHD entspiegeltes Display, Intel UHD Grafik, Windows 11 Home, Deutsch QWERTZ Tastatur (Netzteil separat erhältlich)",Dell,778.51,4.1,18.0,Intel Core i7-1355U,16.0,512.0,Intel UHD Graphics,15.6,1920x1080,Windows 11 Home,QWERTZ,https://www.amazon.de/Dell-entspiegelt-i7-1355U-Tastatur-erh%C3%A4ltlich/dp/B0GHZN1WVF/ref=sr_1_67?dib=eyJ2IjoiMSJ9.SS0UmWDfXuDvB4vTP8iZwE9vfkVEweBDFuLSd1fOoz6F9w5Jv2AfaC_VS4S93dpMX4jTexmhrTeTu0yD594SoFKVK5UivHYaEfpdZu7wJqCPT1UHFEBXW-1PMzdRxWVrj7XDBT8qvevqIrA7GwIrZy9tBZyF2gRsotkJVFvJqJD0EjXpUtBZmlOYbiC3iewr5fzq5PR_EuryMuU_NWV4QMzNuXya5Nmbe3_ijYHtqFU.WEXS7Ny-Zp0Fn14mUT47TNHbX2erT6cbENdUnwtk4Pg&dib_tag=se&keywords=laptop&qid=1788690897&sr=8-67&xpid=sLKVI6PriDQ7N,5.0,0,0
B0GWQWHG9L,"16 Zoll Business Laptop, 16GB RAM, 512GB SSD, Core i3 Prozessor | FHD IPS Display, Fingerabdruck, beleuchtete Tastatur, USB 3.0, WLAN, Type-C Charging, Grüner Notebook für, Arbeit, Schule",Nmybwo,343.71,5.0,2.0,Intel Core 5,16.0,512.0,Unknown,16.0,1920x1200,Windows 11 Home,QWERTZ,https://www.amazon.de/Nmybwo-Business-Laptop-512GB-Prozessor/dp/B0GWQWHG9L/ref=sr_1_69?dib=eyJ2IjoiMSJ9.SS0UmWDfXuDvB4vTP8iZwE9vfkVEweBDFuLSd1fOoz6F9w5Jv2AfaC_VS4S93dpMX4jTexmhrTeTu0yD594SoFKVK5UivHYaEfpdZu7wJqCPT1UHFEBXW-1PMzdRxWVrj7XDBT8qvevqIrA7GwIrZy9tBZyF2gRsotkJVFvJqJD0EjXpUtBZmlOYbiC3iewr5fzq5PR_EuryMuU_NWV4QMzNuXya5Nmbe3_ijYHtqFU.WEXS7Ny-Zp0Fn14mUT47TNHbX2erT6cbENdUnwtk4Pg&dib_tag=se&keywords=laptop&qid=1788690897&sr=8-69&xpid=sLKVI6PriDQ7N,5.0,1,1
B0GD827NG1,"Lenovo IdeaPad Slim 5 | Laptop | Intel Ultra 9 | 32GB | 1TB | Ohne Netzteil | 16"" WUXGA Display | Intel Core Ultra 9 185H, 16C | 1TBSSD | 32GB RAM | Intel Arc Grafik | QWERTZ | Windows 11 | Blau",Lenovo,1030.29,4.1,110.0,Intel Core Ultra 9 185H,32.0,1024.0,Intel Arc Graphics,16.0,1920x1200,Windows 11,QWERTZ,https://www.amazon.de/Lenovo-IdeaPad-Copilot-Display-Windows/dp/B0GD827NG1/ref=sr_1_70?dib=eyJ2IjoiMSJ9.SS0UmWDfXuDvB4vTP8iZwE9vfkVEweBDFuLSd1fOoz6F9w5Jv2AfaC_VS4S93dpMX4jTexmhrTeTu0yD594SoFKVK5UivHYaEfpdZu7wJqCPT1UHFEBXW-1PMzdRxWVrj7XDBT8qvevqIrA7GwIrZy9tBZyF2gRsotkJVFvJqJD0EjXpUtBZmlOYbiC3iewr5fzq5PR_EuryMuU_NWV4QMzNuXya5Nmbe3_ijYHtqFU.WEXS7Ny-Zp0Fn14mUT47TNHbX2erT6cbENdUnwtk4Pg&dib_tag=se&keywords=laptop&qid=1788690897&sr=8-70&xpid=sLKVI6PriDQ7N,5.0,0,0
B0FCD95Y2F,"ASUS V16 V3607VM Gaming Laptop | 16"" WUXGA 16:10 144Hz IPS Display | Intel Core 7 240H | 16GB RAM | 1TB SSD | NVIDIA RTX 5060 | Win11 Home | QWERTZ | Black | 3Monate GamePass",ASUS,1202.15,3.9,53.0,Intel Core 7 240H,16.0,1024.0,NVIDIA GeForce RTX 5060,16.0,1920x1200,Windows 11 Home,QWERTZ,https://www.amazon.de/ASUS-V3607VM-Gaming-Laptop-WUXGA/dp/B0FCD95Y2F/ref=sr_1_71?dib=eyJ2IjoiMSJ9.SS0UmWDfXuDvB4vTP8iZwE9vfkVEweBDFuLSd1fOoz6F9w5Jv2AfaC_VS4S93dpMX4jTexmhrTeTu0yD594SoFKVK5UivHYaEfpdZu7wJqCPT1UHFEBXW-1PMzdRxWVrj7XDBT8qvevqIrA7GwIrZy9tBZyF2gRsotkJVFvJqJD0EjXpUtBZmlOYbiC3iewr5fzq5PR_EuryMuU_NWV4QMzNuXya5Nmbe3_ijYHtqFU.WEXS7Ny-Zp0Fn14mUT47TNHbX2erT6cbENdUnwtk4Pg&dib_tag=se&keywords=laptop&qid=1788690897&sr=8-71&xpid=sLKVI6PriDQ7N,5.0,1,1
B0H9WWGMTS,"Lenovo ThinkPad L13 Yoga Gen 2, Touchscreen 2-in-1 Business Laptop, Intel Core i5-1135G7, 13,3 Zoll FHD, 16GB RAM, 256GB SSD, UK QWERTY Tastatur, Windows 11 Pro (Generalüberholt)",Lenovo,308.49,5.0,40.0,Intel Core i5-1135G7,16.0,256.0,AMD Radeon 780M,13.3,1920x1080,Windows 11 Pro,QWERTZ,https://www.amazon.de/Lenovo-L13-Yoga-Gen-General%C3%BCberholt/dp/B0H9WWGMTS/ref=sr_1_72?dib=eyJ2IjoiMSJ9.SS0UmWDfXuDvB4vTP8iZwE9vfkVEweBDFuLSd1fOoz6F9w5Jv2AfaC_VS4S93dpMX4jTexmhrTeTu0yD594SoFKVK5UivHYaEfpdZu7wJqCPT1UHFEBXW-1PMzdRxWVrj7XDBT8qvevqIrA7GwIrZy9tBZyF2gRsotkJVFvJqJD0EjXpUtBZmlOYbiC3iewr5fzq5PR_EuryMuU_NWV4QMzNuXya5Nmbe3_ijYHtqFU.WEXS7Ny-Zp0Fn14mUT47TNHbX2erT6cbENdUnwtk4Pg&dib_tag=se&keywords=laptop&qid=1788690897&sr=8-72&xpid=sLKVI6PriDQ7N,5.0,1,1
B0FKC1WQ3K,"Lenovo IdeaPad Slim 3 | Laptop | Ryzen 5 | 24GB | 1TB | 65W Netzteil | 16"" WUXGA Display | AMD Ryzen 5 7535HS | 1TB SSD | 24GB RAM | AMD Radeon 660M Grafik | QWERTZ | Windows 11 | Blau",Lenovo,600.64,4.6,39.0,AMD Ryzen 5 7535HS,24.0,1024.0,AMD Radeon 660M,16.0,1920x1200,Windows 11 Home,QWERTZ,https://www.amazon.de/Lenovo-IdeaPad-Slim-3-16ARP10/dp/B0FKC1WQ3K/ref=sr_1_73?dib=eyJ2IjoiMSJ9.SS0UmWDfXuDvB4vTP8iZwE9vfkVEweBDFuLSd1fOoz6F9w5Jv2AfaC_VS4S93dpMX4jTexmhrTeTu0yD594SoFKVK5UivHYaEfpdZu7wJqCPT1UHFEBXW-1PMzdRxWVrj7XDBT8qvevqIrA7GwIrZy9tBZyF2gRsotkJVFvJqJD0EjXpUtBZmlOYbiC3iewr5fzq5PR_EuryMuU_NWV4QMzNuXya5Nmbe3_ijYHtqFU.WEXS7Ny-Zp0Fn14mUT47TNHbX2erT6cbENdUnwtk4Pg&dib_tag=se&keywords=laptop&qid=1788690897&sr=8-73&xpid=sLKVI6PriDQ7N,5.0,0,0
B0HH8MDSVC,"Auusda Laptop 15,6 Zoll Notebook, 16GB DDR4 RAM 512GB SSD, 3050E Prozessor, Fingerabdrucksensor, beleuchtete Tastatur, Ziffernblock, Privacy-Kameraabdeckung, leichtes Notebook für Schule & Büro,Silber",Auusda,317.28,4.7,4.0,3050E,16.0,512.0,Unknown,15.6,Unknown,Windows 11,Unknown,https://www.amazon.de/Auusda-Fingerabdrucksensor-beleuchtete-Ziffernblock-Privacy-Kameraabdeckung/dp/B0HH8MDSVC/ref=sr_1_74?dib=eyJ2IjoiMSJ9.SS0UmWDfXuDvB4vTP8iZwE9vfkVEweBDFuLSd1fOoz6F9w5Jv2AfaC_VS4S93dpMX4jTexmhrTeTu0yD594SoFKVK5UivHYaEfpdZu7wJqCPT1UHFEBXW-1PMzdRxWVrj7XDBT8qvevqIrA7GwIrZy9tBZyF2gRsotkJVFvJqJD0EjXpUtBZmlOYbiC3iewr5fzq5PR_EuryMuU_NWV4QMzNuXya5Nmbe3_ijYHtqFU.WEXS7Ny-Zp0Fn14mUT47TNHbX2erT6cbENdUnwtk4Pg&dib_tag=se&keywords=laptop&qid=1788690897&sr=8-74&xpid=sLKVI6PriDQ7N,5.0,1,0
B0HBB9Z9GS,"18,5 Zoll Laptop AI-Unterstützung 16GB RAM 256GB SSD | Win 11, 8000mAh Akku, WiFi6, Full-HD, 180° Drehung Vollfunktions Type-C, HDMI, Deutsche Tastatur Ideal für Studium, Business",MELIUNA,687.42,5.0,2.0,Unknown,16.0,256.0,Unknown,18.5,1920x1080,Windows 11 Home,German,https://www.amazon.de/MELIUNA-Zoll-Laptop-AI-Unterst%C3%BCtzung-256GB/dp/B0HBB9Z9GS/ref=sr_1_75?dib=eyJ2IjoiMSJ9.SS0UmWDfXuDvB4vTP8iZwE9vfkVEweBDFuLSd1fOoz6F9w5Jv2AfaC_VS4S93dpMX4jTexmhrTeTu0yD594SoFKVK5UivHYaEfpdZu7wJqCPT1UHFEBXW-1PMzdRxWVrj7XDBT8qvevqIrA7GwIrZy9tBZyF2gRsotkJVFvJqJD0EjXpUtBZmlOYbiC3iewr5fzq5PR_EuryMuU_NWV4QMzNuXya5Nmbe3_ijYHtqFU.WEXS7Ny-Zp0Fn14mUT47TNHbX2erT6cbENdUnwtk4Pg&dib_tag=se&keywords=laptop&qid=1788690897&sr=8-75&xpid=sLKVI6PriDQ7N,5.0,1,1
B0GRV8XZK9,"HP ProBook 635 Aero G7 Laptop, 13,3 Zoll FHD(1920x1080), AMD Ryzen 5 4500U, 8GB RAM, 256GB SSD, japanische QWERTY-Tastatur, Windows 11 Pro (erneuert)",HP,188.18,1.7,3.0,AMD Ryzen 5 4500U,8.0,256.0,Intel UHD Graphics,13.3,1920x1080,Windows 11 Pro,QWERTZ,https://www.amazon.de/HP-ProBook-635-Aero-QWERTY-Tastatur/dp/B0GRV8XZK9/ref=sr_1_76?dib=eyJ2IjoiMSJ9.SS0UmWDfXuDvB4vTP8iZwE9vfkVEweBDFuLSd1fOoz6F9w5Jv2AfaC_VS4S93dpMX4jTexmhrTeTu0yD594SoFKVK5UivHYaEfpdZu7wJqCPT1UHFEBXW-1PMzdRxWVrj7XDBT8qvevqIrA7GwIrZy9tBZyF2gRsotkJVFvJqJD0EjXpUtBZmlOYbiC3iewr5fzq5PR_EuryMuU_NWV4QMzNuXya5Nmbe3_ijYHtqFU.WEXS7Ny-Zp0Fn14mUT47TNHbX2erT6cbENdUnwtk4Pg&dib_tag=se&keywords=laptop&qid=1788690897&sr=8-76&xpid=sLKVI6PriDQ7N,5.0,1,1
B0F9B2CJTC,"Alienware 16 Aurora Gaming Laptop - Intel 7 240H, RTX 5060 | 16"" WQXGA 120Hz 100% sRGB Display, 16GB RAM, 1TB SSD, Win 11 Home, 3 Monate Game Pass, Erhalte 2 Games",Alienware,1030.29,4.0,63.0,Intel Core 7 240H,16.0,1024.0,NVIDIA GeForce RTX 5060,16.0,2560x1600,Windows 11 Home,QWERTZ,https://www.amazon.de/Alienware-16-Aurora-Gaming-Laptop/dp/B0F9B2CJTC/ref=sr_1_77?dib=eyJ2IjoiMSJ9.SS0UmWDfXuDvB4vTP8iZwE9vfkVEweBDFuLSd1fOoz6F9w5Jv2AfaC_VS4S93dpMX4jTexmhrTeTu0yD594SoFKVK5UivHYaEfpdZu7wJqCPT1UHFEBXW-1PMzdRxWVrj7XDBT8qvevqIrA7GwIrZy9tBZyF2gRsotkJVFvJqJD0EjXpUtBZmlOYbiC3iewr5fzq5PR_EuryMuU_NWV4QMzNuXya5Nmbe3_ijYHtqFU.WEXS7Ny-Zp0Fn14mUT47TNHbX2erT6cbENdUnwtk4Pg&dib_tag=se&keywords=laptop&qid=1788690897&sr=8-77&xpid=sLKVI6PriDQ7N,5.0,1,0
B0DDCSBL87,"Lenovo IdeaPad 1 | Laptop | Ryzen 3 | 8GB | 512GB | 65W Netzteil | 15.6"" Full HD Display | AMD Ryzen 3 7320U | 512GB SSD | 8GB RAM | AMD Radeon 610M Grafik | QWERTZ | Windows 11 | Grau",Lenovo,337.4,4.4,531.0,AMD Ryzen 3 7320U,8.0,512.0,AMD Radeon Graphics,15.6,1920x1080,Windows 11 Home,QWERTZ,https://www.amazon.de/Lenovo-IdeaPad-Display-Windows-Premium/dp/B0DDCSBL87/ref=sr_1_78?dib=eyJ2IjoiMSJ9.SS0UmWDfXuDvB4vTP8iZwE9vfkVEweBDFuLSd1fOoz6F9w5Jv2AfaC_VS4S93dpMX4jTexmhrTeTu0yD594SoFKVK5UivHYaEfpdZu7wJqCPT1UHFEBXW-1PMzdRxWVrj7XDBT8qvevqIrA7GwIrZy9tBZyF2gRsotkJVFvJqJD0EjXpUtBZmlOYbiC3iewr5fzq5PR_EuryMuU_NWV4QMzNuXya5Nmbe3_ijYHtqFU.WEXS7Ny-Zp0Fn14mUT47TNHbX2erT6cbENdUnwtk4Pg&dib_tag=se&keywords=laptop&qid=1788690897&sr=8-78&xpid=sLKVI6PriDQ7N,5.0,1,1
B0B1QDNQMF,"Acer Aspire 1 A115-32-C3AK Ordinateur Portable 15.6"" FHD (Intel® Celeron® N4500, Ram 4 Go, 128 Go eMMC, Intel UHD Graphic, Windows 11) - Clavier AZERTY, Laptop Gris + Microsoft 365 Personnel Inclus",Acer,342.86,4.2,1200.0,Intel Celeron N4500,4.0,128.0,Intel UHD Graphics,15.6,1920x1080,Windows 11,AZERTY,https://www.amazon.de/A115-32-C3AK-Ordinateur-Portable-Celeron%C2%AE-Graphic/dp/B0B1QDNQMF/ref=sr_1_79?dib=eyJ2IjoiMSJ9.SS0UmWDfXuDvB4vTP8iZwE9vfkVEweBDFuLSd1fOoz6F9w5Jv2AfaC_VS4S93dpMX4jTexmhrTeTu0yD594SoFKVK5UivHYaEfpdZu7wJqCPT1UHFEBXW-1PMzdRxWVrj7XDBT8qvevqIrA7GwIrZy9tBZyF2gRsotkJVFvJqJD0EjXpUtBZmlOYbiC3iewr5fzq5PR_EuryMuU_NWV4QMzNuXya5Nmbe3_ijYHtqFU.WEXS7Ny-Zp0Fn14mUT47TNHbX2erT6cbENdUnwtk4Pg&dib_tag=se&keywords=laptop&qid=1788690897&sr=8-79&xpid=sLKVI6PriDQ7N,5.0,0,1
B0H5PZXKB9,"Auusda Laptop 15,6 Zoll Notebook, 16GB DDR4 RAM 512GB SSD, 3250C Prozessor, Fingerabdrucksensor, beleuchtete Tastatur, Ziffernblock, Privacy-Kameraabdeckung, leichtes Notebook für Schule & Büro",Auusda,368.53,4.5,16.0,Intel Core 5,16.0,512.0,Unknown,15.6,1920x1080,Windows 11,QWERTZ,https://www.amazon.de/Auusda-Fingerabdrucksensor-beleuchtete-Ziffernblock-Privacy-Kameraabdeckung/dp/B0H5PZXKB9/ref=sr_1_80?dib=eyJ2IjoiMSJ9.SS0UmWDfXuDvB4vTP8iZwE9vfkVEweBDFuLSd1fOoz6F9w5Jv2AfaC_VS4S93dpMX4jTexmhrTeTu0yD594SoFKVK5UivHYaEfpdZu7wJqCPT1UHFEBXW-1PMzdRxWVrj7XDBT8qvevqIrA7GwIrZy9tBZyF2gRsotkJVFvJqJD0EjXpUtBZmlOYbiC3iewr5fzq5PR_EuryMuU_NWV4QMzNuXya5Nmbe3_ijYHtqFU.WEXS7Ny-Zp0Fn14mUT47TNHbX2erT6cbENdUnwtk4Pg&dib_tag=se&keywords=laptop&qid=1788690897&sr=8-80&xpid=sLKVI6PriDQ7N,5.0,1,1
B0CYT8KDX9,"2021 Microsoft Surface Laptop 4 mit Intel Core i7-1185G7 (13,5-zoll, 16GB RAM, 256GB SSD) (QWERTY Englisch) Schwarz (Generalüberholt)",Amazon Renewed,379.71,3.6,23.0,Intel Core i7-1185G7,16.0,256.0,Intel Iris Xe,13.5,2560x1600,Windows 10 Pro,QWERTY,https://www.amazon.de/Microsoft-Surface-i7-1185G7-Englisch-General%C3%BCberholt/dp/B0CYT8KDX9/ref=sr_1_81?dib=eyJ2IjoiMSJ9.O9xS_BgZIUAfvsol7BeMm7ekAO4Pbs-jrZpuzLhcb6HR7Yn4UgYRdy4S4aXUQwXuablqX03K5jBS_XFMqBKD80D7ZNv-TKo5MRsUGiOnFoNVf-Ewxbyrl1zeb_bO-xtIDT5b8Hu9mIBjZ9ZulYEMhuSR2KN1EhxHiKJjDbUr-P5c-_cuGhCVfpjktFAk_qUZYO5g9gIn6pLIgvjpkLIX8CnuAi-E5exnNsbX7HjrrLY.uaW4HWobp0E-S0TtkLnXB0k7lAzaL8N-_MMnFZGpziY&dib_tag=se&keywords=laptop&qid=1788691034&sr=8-81&xpid=sLKVI6PriDQ7N,6.0,0,1
B0H829J7MZ,"15,6"" FHD Laptop|Ryzen 7 8-Kern|16 GB DDR4|512 GB NVMe-mit Netzteil | Metallgehäuse|Fingerprint|WiFi|BT5.0|USB 3.0|Type-C (vollwertig)|Beleuchtete Tastatur|Notebook PC für Gaming Schüler und Büro",Rumtuk,455.42,5.0,4.0,Intel Core 5,16.0,512.0,Intel UHD Graphics,15.6,1920x1080,Windows 11,QWERTZ,https://www.amazon.de/Rumtuk-Laptop-8-Kern-NVMe-mit-Netzteil/dp/B0H829J7MZ/ref=sr_1_82?dib=eyJ2IjoiMSJ9.O9xS_BgZIUAfvsol7BeMm7ekAO4Pbs-jrZpuzLhcb6HR7Yn4UgYRdy4S4aXUQwXuablqX03K5jBS_XFMqBKD80D7ZNv-TKo5MRsUGiOnFoNVf-Ewxbyrl1zeb_bO-xtIDT5b8Hu9mIBjZ9ZulYEMhuSR2KN1EhxHiKJjDbUr-P5c-_cuGhCVfpjktFAk_qUZYO5g9gIn6pLIgvjpkLIX8CnuAi-E5exnNsbX7HjrrLY.uaW4HWobp0E-S0TtkLnXB0k7lAzaL8N-_MMnFZGpziY&dib_tag=se&keywords=laptop&qid=1788691034&sr=8-82&xpid=sLKVI6PriDQ7N,6.0,1,0
B0DDCQJH2F,"Lenovo IdeaPad 1 Laptop | 15.6"" Full HD Display | AMD Ryzen 5 7520U | AMD Radeon Grafik | 16GB RAM | 512GB SSD | Win11 | QWERTZ | Cloud Grau | 3 Monate Premium Care",Lenovo,349.0,4.3,264.0,Intel Core 3-N355,16.0,512.0,AMD Radeon Graphics,15.6,1920x1080,Windows 11 Home,QWERTZ,https://www.amazon.de/Lenovo-IdeaPad-Display-Windows-Premium/dp/B0DDCQJH2F/ref=sr_1_83?dib=eyJ2IjoiMSJ9.O9xS_BgZIUAfvsol7BeMm7ekAO4Pbs-jrZpuzLhcb6HR7Yn4UgYRdy4S4aXUQwXuablqX03K5jBS_XFMqBKD80D7ZNv-TKo5MRsUGiOnFoNVf-Ewxbyrl1zeb_bO-xtIDT5b8Hu9mIBjZ9ZulYEMhuSR2KN1EhxHiKJjDbUr-P5c-_cuGhCVfpjktFAk_qUZYO5g9gIn6pLIgvjpkLIX8CnuAi-E5exnNsbX7HjrrLY.uaW4HWobp0E-S0TtkLnXB0k7lAzaL8N-_MMnFZGpziY&dib_tag=se&keywords=laptop&qid=1788691034&sr=8-83&xpid=sLKVI6PriDQ7N,6.0,1,1
B0FMRRVM16,"PC Portable 15,6 Zoll,16GB DDR4 512GB SSD TF 1TB, Laptop Win 11,N95 (bis zu 3,4 GHz),1920x1080 FHD, WiFi 5, USB 3.0, Gamer Computer Notebook,Klavier komplette Rückbeleuchtung",BEYNIVAN,300.73,4.0,63.0,Intel Core i5-1145G7,16.0,512.0,Intel UHD Graphics,15.6,1920x1080,Windows 11,QWERTZ,https://www.amazon.de/BEYNIVAN-Portable15-N95-1920x1080-R%C3%BCckbeleuchtung/dp/B0FMRRVM16/ref=sr_1_84?dib=eyJ2IjoiMSJ9.O9xS_BgZIUAfvsol7BeMm7ekAO4Pbs-jrZpuzLhcb6HR7Yn4UgYRdy4S4aXUQwXuablqX03K5jBS_XFMqBKD80D7ZNv-TKo5MRsUGiOnFoNVf-Ewxbyrl1zeb_bO-xtIDT5b8Hu9mIBjZ9ZulYEMhuSR2KN1EhxHiKJjDbUr-P5c-_cuGhCVfpjktFAk_qUZYO5g9gIn6pLIgvjpkLIX8CnuAi-E5exnNsbX7HjrrLY.uaW4HWobp0E-S0TtkLnXB0k7lAzaL8N-_MMnFZGpziY&dib_tag=se&keywords=laptop&qid=1788691034&sr=8-84&xpid=sLKVI6PriDQ7N,6.0,1,0
B0H27BDGFN,"Lenovo ThinkPad X1 Carbon Gen 10, Intel i5 10x1.6 GHz Prozessor, 32 GB Arbeitsspeicher, 512GB SSD, 14 Zoll Display, 1920 IPS, LTE, Cam, Windows 11 Pro G1A (Generalüberholt)",Amazon Renewed,686.57,5.0,1.0,Intel Core i5-1245U,32.0,512.0,Intel Iris Xe,14.0,1920x1200,Windows 11 Pro,Unknown,https://www.amazon.de/Lenovo-Carbon-Gen-Arbeitsspeicher-General%C3%BCberholt/dp/B0H27BDGFN/ref=sr_1_85?dib=eyJ2IjoiMSJ9.O9xS_BgZIUAfvsol7BeMm7ekAO4Pbs-jrZpuzLhcb6HR7Yn4UgYRdy4S4aXUQwXuablqX03K5jBS_XFMqBKD80D7ZNv-TKo5MRsUGiOnFoNVf-Ewxbyrl1zeb_bO-xtIDT5b8Hu9mIBjZ9ZulYEMhuSR2KN1EhxHiKJjDbUr-P5c-_cuGhCVfpjktFAk_qUZYO5g9gIn6pLIgvjpkLIX8CnuAi-E5exnNsbX7HjrrLY.uaW4HWobp0E-S0TtkLnXB0k7lAzaL8N-_MMnFZGpziY&dib_tag=se&keywords=laptop&qid=1788691034&sr=8-85&xpid=sLKVI6PriDQ7N,6.0,0,0
B0F992BVWY,"15,6 Zoll Laptop, 12th Quad Core N100 (bis zu 3,4 GHz) CPU, 12 GB LPDDR5 RAM 512 GB SSD, 2K FHD IPS Laptops, 2,4G/5G WiFi, Webcam, voll ausgestatteter Typ-C, Akku mit großer Kapazität",Gezoon,291.3,3.7,22.0,Intel Celeron N100,12.0,512.0,AMD Radeon 610M,15.6,1920x1080,Windows 11 Pro,QWERTZ,https://www.amazon.de/Gezoon-RAM-SSD-ausgestatteter-Kapazit%C3%A4t/dp/B0F992BVWY/ref=sr_1_86?dib=eyJ2IjoiMSJ9.O9xS_BgZIUAfvsol7BeMm7ekAO4Pbs-jrZpuzLhcb6HR7Yn4UgYRdy4S4aXUQwXuablqX03K5jBS_XFMqBKD80D7ZNv-TKo5MRsUGiOnFoNVf-Ewxbyrl1zeb_bO-xtIDT5b8Hu9mIBjZ9ZulYEMhuSR2KN1EhxHiKJjDbUr-P5c-_cuGhCVfpjktFAk_qUZYO5g9gIn6pLIgvjpkLIX8CnuAi-E5exnNsbX7HjrrLY.uaW4HWobp0E-S0TtkLnXB0k7lAzaL8N-_MMnFZGpziY&dib_tag=se&keywords=laptop&qid=1788691034&sr=8-86&xpid=sLKVI6PriDQ7N,6.0,1,0
B0FJTVG363,"Acer Aspire Go 15 | Laptop | Core 7 | 16GB | 1TB | mit Netzteil | 15,6"" FHD IPS Display | Intel Core 7 150U | 16GB RAM | 1TB SSD | Intel Grafik | Windows 11 | QWERTZ Tastatur | AG15-72P-792F",Acer,686.57,4.4,28.0,Intel Core 7 150U,16.0,1024.0,Intel Arc Graphics,15.6,1920x1080,Windows 11 Home,QWERTZ,https://www.amazon.de/Acer-Aspire-Laptop-Core-Netzteil/dp/B0FJTVG363/ref=sr_1_87?dib=eyJ2IjoiMSJ9.O9xS_BgZIUAfvsol7BeMm7ekAO4Pbs-jrZpuzLhcb6HR7Yn4UgYRdy4S4aXUQwXuablqX03K5jBS_XFMqBKD80D7ZNv-TKo5MRsUGiOnFoNVf-Ewxbyrl1zeb_bO-xtIDT5b8Hu9mIBjZ9ZulYEMhuSR2KN1EhxHiKJjDbUr-P5c-_cuGhCVfpjktFAk_qUZYO5g9gIn6pLIgvjpkLIX8CnuAi-E5exnNsbX7HjrrLY.uaW4HWobp0E-S0TtkLnXB0k7lAzaL8N-_MMnFZGpziY&dib_tag=se&keywords=laptop&qid=1788691034&sr=8-87&xpid=sLKVI6PriDQ7N,6.0,1,1
B0F6TY47C3,"Acer Nitro V15 | Gaming Laptop | Core i9 | RTX 5060 | 32GB | 1TB | 15,6"" FHD 180Hz Display | Intel Core i9-13900H | NVIDIA RTX 5060 | 32GB | 1TB SSD | Windows 11| QWERTZ | ANV15-52-99WW",Acer,1416.97,4.3,19.0,Intel Core i9-13900H,32.0,1024.0,NVIDIA GeForce RTX 5060,15.6,1920x1080,Windows 11 Home,QWERTZ,https://www.amazon.de/Acer-Nitro-Gaming-Laptop-Core/dp/B0F6TY47C3/ref=sr_1_88?dib=eyJ2IjoiMSJ9.O9xS_BgZIUAfvsol7BeMm7ekAO4Pbs-jrZpuzLhcb6HR7Yn4UgYRdy4S4aXUQwXuablqX03K5jBS_XFMqBKD80D7ZNv-TKo5MRsUGiOnFoNVf-Ewxbyrl1zeb_bO-xtIDT5b8Hu9mIBjZ9ZulYEMhuSR2KN1EhxHiKJjDbUr-P5c-_cuGhCVfpjktFAk_qUZYO5g9gIn6pLIgvjpkLIX8CnuAi-E5exnNsbX7HjrrLY.uaW4HWobp0E-S0TtkLnXB0k7lAzaL8N-_MMnFZGpziY&dib_tag=se&keywords=laptop&qid=1788691034&sr=8-88&xpid=sLKVI6PriDQ7N,6.0,1,0
B0GZWZP385,Dell Latitude 5400 Laptop | 14 Zoll | 1920 x 1080 | Intel Core i5-8265U | 16 GB DDR4 RAM | 256 GB NVMe | DE-QWERTZ | Windows 11 Pro | 1 Jahr Garantie | (Generalüberholt),Amazon Renewed,201.93,4.8,10.0,Intel Core i5-8265U,16.0,256.0,Intel UHD Graphics,14.0,1920x1080,WINDOWS 11 PRO,QWERTZ,https://www.amazon.de/Dell-Latitude-5400-i5-8265U-General%C3%BCberholt/dp/B0GZWZP385/ref=sr_1_89?dib=eyJ2IjoiMSJ9.O9xS_BgZIUAfvsol7BeMm7ekAO4Pbs-jrZpuzLhcb6HR7Yn4UgYRdy4S4aXUQwXuablqX03K5jBS_XFMqBKD80D7ZNv-TKo5MRsUGiOnFoNVf-Ewxbyrl1zeb_bO-xtIDT5b8Hu9mIBjZ9ZulYEMhuSR2KN1EhxHiKJjDbUr-P5c-_cuGhCVfpjktFAk_qUZYO5g9gIn6pLIgvjpkLIX8CnuAi-E5exnNsbX7HjrrLY.uaW4HWobp0E-S0TtkLnXB0k7lAzaL8N-_MMnFZGpziY&dib_tag=se&keywords=laptop&qid=1788691034&sr=8-89&xpid=sLKVI6PriDQ7N,6.0,0,0
B0F9B3FM36,"Alienware 16x Aurora Gaming Laptop - Intel Core Ultra 9 275HX, RTX 5070 | 16'', 32GB RAM, 1TB SSD, Win 11 Home, 240Hz G-Sync, 96Wh Batterie, 3 Monate Game Pass, Erhalte 2 Games",Alienware,1975.51,3.7,56.0,Intel Core Ultra 9 275HX,32.0,1024.0,NVIDIA GeForce RTX 5070,16.0,2560x1600,Windows 11 Home,QWERTZ,https://www.amazon.de/Alienware-AC16251-Display-Geforce-Tastatur/dp/B0F9B3FM36/ref=sr_1_90?dib=eyJ2IjoiMSJ9.O9xS_BgZIUAfvsol7BeMm7ekAO4Pbs-jrZpuzLhcb6HR7Yn4UgYRdy4S4aXUQwXuablqX03K5jBS_XFMqBKD80D7ZNv-TKo5MRsUGiOnFoNVf-Ewxbyrl1zeb_bO-xtIDT5b8Hu9mIBjZ9ZulYEMhuSR2KN1EhxHiKJjDbUr-P5c-_cuGhCVfpjktFAk_qUZYO5g9gIn6pLIgvjpkLIX8CnuAi-E5exnNsbX7HjrrLY.uaW4HWobp0E-S0TtkLnXB0k7lAzaL8N-_MMnFZGpziY&dib_tag=se&keywords=laptop&qid=1788691034&sr=8-90&xpid=sLKVI6PriDQ7N,6.0,1,0
B0FNMMSMZK,"MSI Cyborg A15 AI, Gaming-Laptop, 15,6"" Full-HD 144 Hz Display, AMD Ryzen 7 260, NVIDIA GeForce RTX 5070, 32 GB DDR5, 1 TB SSD, Windows 11 Home, QWERTZ Tastatur, Schwarz, B2HWGKG-088",MSI,1313.85,4.5,10.0,AMD Ryzen 7 260,32.0,1024.0,NVIDIA GeForce RTX 5070,15.6,1920x1080,Windows 11 Home,QWERTZ,https://www.amazon.de/MSI-Gaming-Laptop-Full-HD-Tastatur-B2HWGKG-088/dp/B0FNMMSMZK/ref=sr_1_91?dib=eyJ2IjoiMSJ9.O9xS_BgZIUAfvsol7BeMm7ekAO4Pbs-jrZpuzLhcb6HR7Yn4UgYRdy4S4aXUQwXuablqX03K5jBS_XFMqBKD80D7ZNv-TKo5MRsUGiOnFoNVf-Ewxbyrl1zeb_bO-xtIDT5b8Hu9mIBjZ9ZulYEMhuSR2KN1EhxHiKJjDbUr-P5c-_cuGhCVfpjktFAk_qUZYO5g9gIn6pLIgvjpkLIX8CnuAi-E5exnNsbX7HjrrLY.uaW4HWobp0E-S0TtkLnXB0k7lAzaL8N-_MMnFZGpziY&dib_tag=se&keywords=laptop&qid=1788691034&sr=8-91&xpid=sLKVI6PriDQ7N,6.0,1,0
B08L6N77H9,"MEDION Avantum 17 E1e 43,9 cm (17,3 Zoll) Full HD Laptop (Intel N100, 4GB DDR4 RAM, 128GB SSD, HD Webcam, WLAN, Windows 11 Home)",MEDION,300.67,3.4,15.0,Intel Core 3,4.0,128.0,AMD Radeon 610M,17.3,1920x1080,Windows 11 Home,QWERTZ,https://www.amazon.de/MEDION-Avantum-Laptop-Webcam-Windows/dp/B08L6N77H9/ref=sr_1_92?dib=eyJ2IjoiMSJ9.O9xS_BgZIUAfvsol7BeMm7ekAO4Pbs-jrZpuzLhcb6HR7Yn4UgYRdy4S4aXUQwXuablqX03K5jBS_XFMqBKD80D7ZNv-TKo5MRsUGiOnFoNVf-Ewxbyrl1zeb_bO-xtIDT5b8Hu9mIBjZ9ZulYEMhuSR2KN1EhxHiKJjDbUr-P5c-_cuGhCVfpjktFAk_qUZYO5g9gIn6pLIgvjpkLIX8CnuAi-E5exnNsbX7HjrrLY.uaW4HWobp0E-S0TtkLnXB0k7lAzaL8N-_MMnFZGpziY&dib_tag=se&keywords=laptop&qid=1788691034&sr=8-92&xpid=sLKVI6PriDQ7N,6.0,1,0
B0FCG26C7H,"HP 15-fd0260ns Laptop, 39,6 cm (15,6 Zoll), FHD (Intel Core i3-N305, 8 GB RAM, 512 GB SSD, Intel UHD Graphics, ohne Betriebssystem), Silber, spanische QWERTY-Tastatur",HP,449.0,2.7,8.0,Intel Core 3,8.0,512.0,Intel UHD Graphics,15.6,1920x1080,Unknown,QWERTY,https://www.amazon.de/HP-15-fd0260ns-Betriebssystem-spanische-QWERTY-Tastatur/dp/B0FCG26C7H/ref=sr_1_93?dib=eyJ2IjoiMSJ9.O9xS_BgZIUAfvsol7BeMm7ekAO4Pbs-jrZpuzLhcb6HR7Yn4UgYRdy4S4aXUQwXuablqX03K5jBS_XFMqBKD80D7ZNv-TKo5MRsUGiOnFoNVf-Ewxbyrl1zeb_bO-xtIDT5b8Hu9mIBjZ9ZulYEMhuSR2KN1EhxHiKJjDbUr-P5c-_cuGhCVfpjktFAk_qUZYO5g9gIn6pLIgvjpkLIX8CnuAi-E5exnNsbX7HjrrLY.uaW4HWobp0E-S0TtkLnXB0k7lAzaL8N-_MMnFZGpziY&dib_tag=se&keywords=laptop&qid=1788691034&sr=8-93&xpid=sLKVI6PriDQ7N,6.0,0,0
B0FLTG2SXD,"Dell Chromebook 11 3100 2-in-1 Notebook, 11,6-Zoll-Touchscreen-Notebook, Intel Celeron N4020, 4 GB RAM, 32 GB SSD, Japanische Tastatur, Chrome OS (Generalüberholt)",Dell,89.2,3.9,165.0,Intel Celeron N3060,4.0,128.0,Intel UHD Graphics,11.6,1366x768,Chrome OS,QWERTZ,https://www.amazon.de/Dell-Chromebook-Touchscreen-N4020-General%C3%BCberholt/dp/B0FLTG2SXD/ref=sr_1_94?dib=eyJ2IjoiMSJ9.O9xS_BgZIUAfvsol7BeMm7ekAO4Pbs-jrZpuzLhcb6HR7Yn4UgYRdy4S4aXUQwXuablqX03K5jBS_XFMqBKD80D7ZNv-TKo5MRsUGiOnFoNVf-Ewxbyrl1zeb_bO-xtIDT5b8Hu9mIBjZ9ZulYEMhuSR2KN1EhxHiKJjDbUr-P5c-_cuGhCVfpjktFAk_qUZYO5g9gIn6pLIgvjpkLIX8CnuAi-E5exnNsbX7HjrrLY.uaW4HWobp0E-S0TtkLnXB0k7lAzaL8N-_MMnFZGpziY&dib_tag=se&keywords=laptop&qid=1788691034&sr=8-94&xpid=sLKVI6PriDQ7N,6.0,1,1
B083357W74,"Acer Predator Helios Neo 16AI | Gaming Laptop | Ultra 9 |RTX 5070|32GB|1TB | 16"" WQXGA 240Hz | Intel Core Ultra 9 275HX | 32GB RAM | NVIDIA RTX 5070 | 1TB SSD | Windows 11 | QWERTZ | PHN16-73-9816",Acer,1675.61,4.4,9.0,Intel Core Ultra 9,32.0,1024.0,NVIDIA GeForce RTX 5070,16.0,2560x1600,Windows 11,QWERTZ,https://www.amazon.de/acer-Acer-PHN16-73-9816/dp/B083357W74/ref=sr_1_95?dib=eyJ2IjoiMSJ9.O9xS_BgZIUAfvsol7BeMm7ekAO4Pbs-jrZpuzLhcb6HR7Yn4UgYRdy4S4aXUQwXuablqX03K5jBS_XFMqBKD80D7ZNv-TKo5MRsUGiOnFoNVf-Ewxbyrl1zeb_bO-xtIDT5b8Hu9mIBjZ9ZulYEMhuSR2KN1EhxHiKJjDbUr-P5c-_cuGhCVfpjktFAk_qUZYO5g9gIn6pLIgvjpkLIX8CnuAi-E5exnNsbX7HjrrLY.uaW4HWobp0E-S0TtkLnXB0k7lAzaL8N-_MMnFZGpziY&dib_tag=se&keywords=laptop&qid=1788691034&sr=8-95&xpid=sLKVI6PriDQ7N,6.0,1,0
B0GWDRX83G,"Microsoft Surface Laptop, 13.8"" | Snapdragon X2 Elite | 16GB RAM, 512GB SSD | 13.8"" LCD Touchscreen | Copilot+ PC | Schwarz | Windows 11 Home | Neuestes Modell (8. Edition)",Dell,1545.86,4.4,5.0,Snapdragon X,16.0,512.0,Unknown,13.8,2304X1536,Windows 11,QWERTZ,https://www.amazon.de/Microsoft-Surface-Laptop-Snapdragon-Elite/dp/B0GWDRX83G/ref=sr_1_96?dib=eyJ2IjoiMSJ9.O9xS_BgZIUAfvsol7BeMm7ekAO4Pbs-jrZpuzLhcb6HR7Yn4UgYRdy4S4aXUQwXuablqX03K5jBS_XFMqBKD80D7ZNv-TKo5MRsUGiOnFoNVf-Ewxbyrl1zeb_bO-xtIDT5b8Hu9mIBjZ9ZulYEMhuSR2KN1EhxHiKJjDbUr-P5c-_cuGhCVfpjktFAk_qUZYO5g9gIn6pLIgvjpkLIX8CnuAi-E5exnNsbX7HjrrLY.uaW4HWobp0E-S0TtkLnXB0k7lAzaL8N-_MMnFZGpziY&dib_tag=se&keywords=laptop&qid=1788691034&sr=8-96&xpid=sLKVI6PriDQ7N,6.0,1,1
B0HBC5M6XX,"Laptop 18,5 Zoll 16GB RAM 256GB SSD, AI Unterstützung Notebook | Core i3, 8000mAh Akku, Win 11, WiFi 6, FHD Display 180° Betrachtungswinkel, HDMI, USB-C Multifunktionsanschluss",Liuord,716.64,5.0,12.0,Intel Core 5,16.0,256.0,Intel UHD Graphics,18.5,1920x1080,Windows 11,Unknown,https://www.amazon.de/Liuord-Laptop-256GB-Unterst%C3%BCtzung-Notebook/dp/B0HBC5M6XX/ref=sr_1_97?dib=eyJ2IjoiMSJ9.baLUP3zKVuzrtagcCZK0WvM45AH3zA1dn0MEXyeDrCkAMXdfukzDt0SLB-64UZ85twyYPkCQA7r0uXJi8ZEM45okMyP6giPg9H8CUFLXH13MrqBC9c_eqLxdAHQOvsS-Tqx8JXfis9zxMhaXp4xb4qcvQWXbflmSSocl1GOY2wusrjFyM9Sst3C0k7BslIwt-b9aIxIXkuSGE0xAXUWiyPgze_0010FkNgB6wlpwCHM.LYIj4MiR7cndWw9QZUTMfeJYwseJSSxM7o-Rd932vec&dib_tag=se&keywords=laptop&qid=1788691135&sr=8-97&xpid=sLKVI6PriDQ7N,7.0,1,1
B0H295NT2M,"THEYETI 16 Zoll Touchscreen Laptop, Ryzen 3 3300U Prozessor(Beat N95) | 16GB RAM, 512GB SSD, QWERTZ-Tastatur mit Hintergrundbeleuchtung, Fingerabdruckleser, WiFi 6, BT 5.2, for Homeoffice, Büro",THEYETI,567.12,4.9,21.0,AMD Ryzen 3 3300U,16.0,512.0,AMD Radeon Vega,16.0,1920x1200,Windows 11 Home,QWERTZ,https://www.amazon.de/THEYETI-Touchscreen-Laptop-Ryzen-Prozessor/dp/B0H295NT2M/ref=sr_1_99?dib=eyJ2IjoiMSJ9.baLUP3zKVuzrtagcCZK0WvM45AH3zA1dn0MEXyeDrCkAMXdfukzDt0SLB-64UZ85twyYPkCQA7r0uXJi8ZEM45okMyP6giPg9H8CUFLXH13MrqBC9c_eqLxdAHQOvsS-Tqx8JXfis9zxMhaXp4xb4qcvQWXbflmSSocl1GOY2wusrjFyM9Sst3C0k7BslIwt-b9aIxIXkuSGE0xAXUWiyPgze_0010FkNgB6wlpwCHM.LYIj4MiR7cndWw9QZUTMfeJYwseJSSxM7o-Rd932vec&dib_tag=se&keywords=laptop&qid=1788691135&sr=8-99&xpid=sLKVI6PriDQ7N,7.0,1,1
B0F5Z2LCNT,"Lenovo IdeaPad 3 Laptop | 17.3"" Full HD Display | AMD Ryzen 5 5625U | 8GB RAM | 512GB SSD | AMD Radeon Grafik | Windows 11 | QWERTZ | Artic Grau | 3 Monate Premium Care",Lenovo,379.99,4.8,27.0,AMD Ryzen 5 5625U,8.0,512.0,AMD Radeon Graphics,17.3,1920x1080,Windows 11 Home,QWERTZ,https://www.amazon.de/Lenovo-IdeaPad-Display-Windows-Premium/dp/B0F5Z2LCNT/ref=sr_1_100?dib=eyJ2IjoiMSJ9.baLUP3zKVuzrtagcCZK0WvM45AH3zA1dn0MEXyeDrCkAMXdfukzDt0SLB-64UZ85twyYPkCQA7r0uXJi8ZEM45okMyP6giPg9H8CUFLXH13MrqBC9c_eqLxdAHQOvsS-Tqx8JXfis9zxMhaXp4xb4qcvQWXbflmSSocl1GOY2wusrjFyM9Sst3C0k7BslIwt-b9aIxIXkuSGE0xAXUWiyPgze_0010FkNgB6wlpwCHM.LYIj4MiR7cndWw9QZUTMfeJYwseJSSxM7o-Rd932vec&dib_tag=se&keywords=laptop&qid=1788691135&sr=8-100&xpid=sLKVI6PriDQ7N,7.0,1,1
B0DVZRQKC9,HP Omen MAX Gaming Laptop | 16 Zoll UWVA 2.5K OLED Display 240Hz | Intel Ultra 9-275HX (24C) | NVIDIA GeForce RTX 5090 24GB VRAM | 64 GB DDR5 RAM | 2 TB SSD | Windows 11 | QWERTZ | Alu Shadow Black,HP,3534.13,3.1,6.0,Intel Core Ultra 9 275HX,64.0,2000.0,NVIDIA GeForce RTX 5090,16.0,2560x1600,Windows 11,QWERTZ,https://www.amazon.de/HP-Display-9-275HX-GeForce-Windows/dp/B0DVZRQKC9/ref=sr_1_101?dib=eyJ2IjoiMSJ9.baLUP3zKVuzrtagcCZK0WvM45AH3zA1dn0MEXyeDrCkAMXdfukzDt0SLB-64UZ85twyYPkCQA7r0uXJi8ZEM45okMyP6giPg9H8CUFLXH13MrqBC9c_eqLxdAHQOvsS-Tqx8JXfis9zxMhaXp4xb4qcvQWXbflmSSocl1GOY2wusrjFyM9Sst3C0k7BslIwt-b9aIxIXkuSGE0xAXUWiyPgze_0010FkNgB6wlpwCHM.LYIj4MiR7cndWw9QZUTMfeJYwseJSSxM7o-Rd932vec&dib_tag=se&keywords=laptop&qid=1788691135&sr=8-101&xpid=sLKVI6PriDQ7N,7.0,1,0
B0FWHMRPGQ,"17,3 Zoll Laptop, 16GB RAM, 1TB SSD, 6500Y CPU bis zu 3,40 GHz über 3250C | FHD IPS Display, Fingerabdruck, Backlit-Tastatur, HDMI, WLAN, Business Notebook für Büro, Studium, Home, DE Tastaturfolie",Fsjun,480.33,4.0,46.0,Intel Core 5,16.0,1024.0,Intel UHD Graphics,17.3,1920x1080,Windows 11,QWERTZ,https://www.amazon.de/Zoll-Laptop-16GB-6500Y-3250C/dp/B0FWHMRPGQ/ref=sr_1_102?dib=eyJ2IjoiMSJ9.baLUP3zKVuzrtagcCZK0WvM45AH3zA1dn0MEXyeDrCkAMXdfukzDt0SLB-64UZ85twyYPkCQA7r0uXJi8ZEM45okMyP6giPg9H8CUFLXH13MrqBC9c_eqLxdAHQOvsS-Tqx8JXfis9zxMhaXp4xb4qcvQWXbflmSSocl1GOY2wusrjFyM9Sst3C0k7BslIwt-b9aIxIXkuSGE0xAXUWiyPgze_0010FkNgB6wlpwCHM.LYIj4MiR7cndWw9QZUTMfeJYwseJSSxM7o-Rd932vec&dib_tag=se&keywords=laptop&qid=1788691135&sr=8-102&xpid=sLKVI6PriDQ7N,7.0,1,0
B09TKMR965,"ASUS Vivobook 16 M1605YA Laptop | 16"" WUXGA 16:10 IPS Display | AMD Ryzen 5 7430U | 16GB RAM | 512GB SSD | AMD Radeon | Win11 Home | QWERTZ | Cool Silver",ASUS,749.89,4.5,325.0,AMD Ryzen 5 7430U,16.0,512.0,AMD Radeon RX Vega,16.0,1920x1200,Windows 11 Home,QWERTZ,https://www.amazon.de/ASUS-Vivobook-entspiegeltes-Display-Tastatur/dp/B09TKMR965/ref=sr_1_103?dib=eyJ2IjoiMSJ9.baLUP3zKVuzrtagcCZK0WvM45AH3zA1dn0MEXyeDrCkAMXdfukzDt0SLB-64UZ85twyYPkCQA7r0uXJi8ZEM45okMyP6giPg9H8CUFLXH13MrqBC9c_eqLxdAHQOvsS-Tqx8JXfis9zxMhaXp4xb4qcvQWXbflmSSocl1GOY2wusrjFyM9Sst3C0k7BslIwt-b9aIxIXkuSGE0xAXUWiyPgze_0010FkNgB6wlpwCHM.LYIj4MiR7cndWw9QZUTMfeJYwseJSSxM7o-Rd932vec&dib_tag=se&keywords=laptop&qid=1788691135&sr=8-103&xpid=sLKVI6PriDQ7N,7.0,0,0
B0F1DJ8J6Y,"HP OmniBook X Flip, 16"" WUXGA, AMD Ryzen AI 5, 16GB RAM, 512GB SSD | Copilot+ Premium 2-in-1 Laptop für Kreativarbeit, Business und flexible Nutzung unterwegs - inkl. Netzteil, QWERTZ, Silber",HP,708.92,4.3,33.0,AMD Ryzen AI 5,16.0,512.0,AMD Radeon 840M,16.0,1920x1200,Windows 11 Home,QWERTZ,https://www.amazon.de/HP-OmniBook-dedizierte-1920x1200-Touchscreen/dp/B0F1DJ8J6Y/ref=sr_1_104?dib=eyJ2IjoiMSJ9.baLUP3zKVuzrtagcCZK0WvM45AH3zA1dn0MEXyeDrCkAMXdfukzDt0SLB-64UZ85twyYPkCQA7r0uXJi8ZEM45okMyP6giPg9H8CUFLXH13MrqBC9c_eqLxdAHQOvsS-Tqx8JXfis9zxMhaXp4xb4qcvQWXbflmSSocl1GOY2wusrjFyM9Sst3C0k7BslIwt-b9aIxIXkuSGE0xAXUWiyPgze_0010FkNgB6wlpwCHM.LYIj4MiR7cndWw9QZUTMfeJYwseJSSxM7o-Rd932vec&dib_tag=se&keywords=laptop&qid=1788691135&sr=8-104&xpid=sLKVI6PriDQ7N,7.0,0,1
B0D6GS2SLL,"HP Pavilion Laptop, 16"" WUXGA Touch-Display, AMD Ryzen 5 8540U, 8 GB DDR5 RAM, 512 GB PCIe NVMe SSD, AMD Radeon Graphics, QWERTZ, Windows 11 Home, Silber",HP,686.56,4.5,20.0,AMD Ryzen 5 8540U,8.0,512.0,AMD Radeon 740M,16.0,1920x1200,Windows 11 Home,QWERTZ,https://www.amazon.de/HP-Pavilion-WUXGA-Display-Graphics-Windows/dp/B0D6GS2SLL/ref=sr_1_105?dib=eyJ2IjoiMSJ9.baLUP3zKVuzrtagcCZK0WvM45AH3zA1dn0MEXyeDrCkAMXdfukzDt0SLB-64UZ85twyYPkCQA7r0uXJi8ZEM45okMyP6giPg9H8CUFLXH13MrqBC9c_eqLxdAHQOvsS-Tqx8JXfis9zxMhaXp4xb4qcvQWXbflmSSocl1GOY2wusrjFyM9Sst3C0k7BslIwt-b9aIxIXkuSGE0xAXUWiyPgze_0010FkNgB6wlpwCHM.LYIj4MiR7cndWw9QZUTMfeJYwseJSSxM7o-Rd932vec&dib_tag=se&keywords=laptop&qid=1788691135&sr=8-105&xpid=sLKVI6PriDQ7N,7.0,1,1
B0GQ5JZHCJ,"Lenovo ThinkPad L15 Gen 2 Ryzen 5 Pro 6 x 2.3 GHz Prozessor, 16 GB Arbeitsspeicher, 512 GB SSD, 15.6 Zoll Display, Full HD 1920 IPS Windows 11 Pro H9K (Generalüberholt)",Amazon Renewed,476.91,5.0,2.0,Intel Core i5-10210U,16.0,512.0,AMD Radeon Graphics,15.6,1920x1080,Windows 11 Pro,Unknown,https://www.amazon.de/Lenovo-L15-Gen-Arbeitsspeicher-General%C3%BCberholt/dp/B0GQ5JZHCJ/ref=sr_1_106?dib=eyJ2IjoiMSJ9.baLUP3zKVuzrtagcCZK0WvM45AH3zA1dn0MEXyeDrCkAMXdfukzDt0SLB-64UZ85twyYPkCQA7r0uXJi8ZEM45okMyP6giPg9H8CUFLXH13MrqBC9c_eqLxdAHQOvsS-Tqx8JXfis9zxMhaXp4xb4qcvQWXbflmSSocl1GOY2wusrjFyM9Sst3C0k7BslIwt-b9aIxIXkuSGE0xAXUWiyPgze_0010FkNgB6wlpwCHM.LYIj4MiR7cndWw9QZUTMfeJYwseJSSxM7o-Rd932vec&dib_tag=se&keywords=laptop&qid=1788691135&sr=8-106&xpid=sLKVI6PriDQ7N,7.0,1,0
B0H1HQJ3SK,"HP ProBook X360 11 G6 EE 2-in-1 Laptop, Full HD 13,3 Zoll, Intel Core i5-10210, 8 GB RAM, 256 GB SSD, US-Layout, Windows 11 Pro (Generalüberholt)",HP,145.22,3.0,2.0,Intel Core i5-10210U,8.0,256.0,Intel UHD Graphics,11.6,1366x768,Windows 11 pro,QWERTZ,https://www.amazon.de/HP-ProBook-X360-11-General%C3%BCberholt/dp/B0H1HQJ3SK/ref=sr_1_108?dib=eyJ2IjoiMSJ9.baLUP3zKVuzrtagcCZK0WvM45AH3zA1dn0MEXyeDrCkAMXdfukzDt0SLB-64UZ85twyYPkCQA7r0uXJi8ZEM45okMyP6giPg9H8CUFLXH13MrqBC9c_eqLxdAHQOvsS-Tqx8JXfis9zxMhaXp4xb4qcvQWXbflmSSocl1GOY2wusrjFyM9Sst3C0k7BslIwt-b9aIxIXkuSGE0xAXUWiyPgze_0010FkNgB6wlpwCHM.LYIj4MiR7cndWw9QZUTMfeJYwseJSSxM7o-Rd932vec&dib_tag=se&keywords=laptop&qid=1788691135&sr=8-108&xpid=sLKVI6PriDQ7N,7.0,1,1
B0F29MQGXJ,"ASUS TUF Gaming A16 Laptop | 16"" WUXGA 16:9 165Hz IPS Display | AMD Ryzen 7 260 | 16 GB RAM | 1 TB SSD | NVIDIA RTX 5050 | Win11 Home | QWERTZ Tastatur | Jaeger Grey | 3Monate GamePass",ASUS,1107.62,4.5,13.0,AMD Ryzen 7 260,16.0,1024.0,NVIDIA GeForce RTX 5050,16.0,1920x1200,Windows 11 Home,QWERTZ,https://www.amazon.de/ASUS-TUF-Gaming-Laptop-WUXGA/dp/B0F29MQGXJ/ref=sr_1_109?dib=eyJ2IjoiMSJ9.baLUP3zKVuzrtagcCZK0WvM45AH3zA1dn0MEXyeDrCkAMXdfukzDt0SLB-64UZ85twyYPkCQA7r0uXJi8ZEM45okMyP6giPg9H8CUFLXH13MrqBC9c_eqLxdAHQOvsS-Tqx8JXfis9zxMhaXp4xb4qcvQWXbflmSSocl1GOY2wusrjFyM9Sst3C0k7BslIwt-b9aIxIXkuSGE0xAXUWiyPgze_0010FkNgB6wlpwCHM.LYIj4MiR7cndWw9QZUTMfeJYwseJSSxM7o-Rd932vec&dib_tag=se&keywords=laptop&qid=1788691135&sr=8-109&xpid=sLKVI6PriDQ7N,7.0,1,0
B0FKC1LRWC,"Lenovo LOQ Essential Gaming AI Laptop | 15.6"" FHD 144Hz | NVIDIA GeForce RTX 5050 | Intel Core i5-13450HX | 16GB RAM | 512GB SSD | Windows 11 | QWERTZ | Weiss-beleuchtet | Grau | 3 Monate Game Pass",Lenovo,1185.81,4.0,24.0,Intel Core 7 240H,16.0,512.0,NVIDIA GeForce RTX 5050,15.6,1920x1080,Windows 11 Home,QWERTZ,https://www.amazon.de/Lenovo-Essential-GeForce-i5-13450HX-Weiss-beleuchtet/dp/B0FKC1LRWC/ref=sr_1_111?dib=eyJ2IjoiMSJ9.baLUP3zKVuzrtagcCZK0WvM45AH3zA1dn0MEXyeDrCkAMXdfukzDt0SLB-64UZ85twyYPkCQA7r0uXJi8ZEM45okMyP6giPg9H8CUFLXH13MrqBC9c_eqLxdAHQOvsS-Tqx8JXfis9zxMhaXp4xb4qcvQWXbflmSSocl1GOY2wusrjFyM9Sst3C0k7BslIwt-b9aIxIXkuSGE0xAXUWiyPgze_0010FkNgB6wlpwCHM.LYIj4MiR7cndWw9QZUTMfeJYwseJSSxM7o-Rd932vec&dib_tag=se&keywords=laptop&qid=1788691135&sr=8-111&xpid=sLKVI6PriDQ7N,7.0,1,0
B0D5CZL3NN,"HP EliteBook 1040 G11 14 Zoll (35,6 cm) WUXGA Display, Intel Core Ultra 5 125H, 16GB LPDDR5x RAM, 512GB SSD, Intel Arc Grafik, LTE, QWERTZ Tastatur, Windows 11 Pro, Silber",HP,691.81,5.0,0.0,Intel Core Ultra 5 125H,16.0,512.0,Intel Arc Graphics,14.0,1920x1200,Windows 11 Pro,QWERTZ,https://www.amazon.de/HP-Elite-Ultra-512GB-Win11Pro/dp/B0D5CZL3NN/ref=sr_1_113?dib=eyJ2IjoiMSJ9.mz-YSr_iu4CBp8EmskV7oBDEhgFo9G8h8WiqfWxdENwjBs6WXbBmyM_-opbzdUq52QNjQDy4Wnx8Sg12rirKuGDYr60sI3DMu8au5huoMzxROcp5IQbI5UVlclQYrAVswUKPXL5INtUUT6qzoPMD07ZVcmPhRhWaDzSFB7hvpEWtOuiAwuzVqF7M6ngBHJJWNQtYmggij3eDzqVo1YasRZC-ySEEqoHg1vDglBLnh3k.CNT6LumbDM1zCpOSoI1kLJCgbxWFMVThi2K3IOUw1Vg&dib_tag=se&keywords=laptop&qid=1788691221&sr=8-113&xpid=sLKVI6PriDQ7N,8.0,1,1
B0H5HS7LFQ,"Laptop 15,6 Zoll Rosa, AMD Ryzen 3000er-Serie, 8 GB RAM, 256 GB SSD, Windows 11 Pro, FHD IPS Notebook, Wi-Fi 6, vollwertiges USB-C, Fingerabdruck, beleuchtete Tastatur",Trygood,326.52,4.0,4.0,Unknown,8.0,256.0,Unknown,15.6,1920x1080,Windows 11 Pro,QWERTZ,https://www.amazon.de/Trygood-3000er-Serie-vollwertiges-Fingerabdruck-beleuchtete/dp/B0H5HS7LFQ/ref=sr_1_114?dib=eyJ2IjoiMSJ9.mz-YSr_iu4CBp8EmskV7oBDEhgFo9G8h8WiqfWxdENwjBs6WXbBmyM_-opbzdUq52QNjQDy4Wnx8Sg12rirKuGDYr60sI3DMu8au5huoMzxROcp5IQbI5UVlclQYrAVswUKPXL5INtUUT6qzoPMD07ZVcmPhRhWaDzSFB7hvpEWtOuiAwuzVqF7M6ngBHJJWNQtYmggij3eDzqVo1YasRZC-ySEEqoHg1vDglBLnh3k.CNT6LumbDM1zCpOSoI1kLJCgbxWFMVThi2K3IOUw1Vg&dib_tag=se&keywords=laptop&qid=1788691221&sr=8-114&xpid=sLKVI6PriDQ7N,8.0,1,0
B0GMQV7PTB,"Lenovo Yoga 7 2in1 | Laptop | Ryzen AI 7 | 16GB | 1TB | Ohne Netzteil | CoPilot+PC|16""2.8K WQXGA+ Display|OLED|Touch|AMD Ryzen AI 7 445|16GB RAM|1TB SSD|AMD Radeon 840M|QWERTZ|Windows 11|Seashell",Lenovo,1172.93,4.1,5.0,AMD Ryzen AI 7,16.0,1024.0,AMD Radeon 840M,16.0,2880x1620,Windows 11,QWERTZ,https://www.amazon.de/Lenovo-Display-Windows-Seashell-Premium/dp/B0GMQV7PTB/ref=sr_1_115?dib=eyJ2IjoiMSJ9.mz-YSr_iu4CBp8EmskV7oBDEhgFo9G8h8WiqfWxdENwjBs6WXbBmyM_-opbzdUq52QNjQDy4Wnx8Sg12rirKuGDYr60sI3DMu8au5huoMzxROcp5IQbI5UVlclQYrAVswUKPXL5INtUUT6qzoPMD07ZVcmPhRhWaDzSFB7hvpEWtOuiAwuzVqF7M6ngBHJJWNQtYmggij3eDzqVo1YasRZC-ySEEqoHg1vDglBLnh3k.CNT6LumbDM1zCpOSoI1kLJCgbxWFMVThi2K3IOUw1Vg&dib_tag=se&keywords=laptop&qid=1788691221&sr=8-115&xpid=sLKVI6PriDQ7N,8.0,0,1
B0CN9QRP11,"Lenovo ThinkPad T14 Gen 1 14"" FHD i5-10310U 16GB 256GB SSD Win 11 Pro (Generalüberholt)",Amazon Renewed,399.99,4.3,164.0,Intel Core i5-10310U,8.0,256.0,Intel UHD Graphics,14.0,1920x1080,Windows 11 Pro,QWERTZ,https://www.amazon.de/Lenovo-ThinkPad-1920x1080-Festplatte-General%C3%BCberholt/dp/B0CN9QRP11/ref=sr_1_116?dib=eyJ2IjoiMSJ9.mz-YSr_iu4CBp8EmskV7oBDEhgFo9G8h8WiqfWxdENwjBs6WXbBmyM_-opbzdUq52QNjQDy4Wnx8Sg12rirKuGDYr60sI3DMu8au5huoMzxROcp5IQbI5UVlclQYrAVswUKPXL5INtUUT6qzoPMD07ZVcmPhRhWaDzSFB7hvpEWtOuiAwuzVqF7M6ngBHJJWNQtYmggij3eDzqVo1YasRZC-ySEEqoHg1vDglBLnh3k.CNT6LumbDM1zCpOSoI1kLJCgbxWFMVThi2K3IOUw1Vg&dib_tag=se&keywords=laptop&qid=1788691221&sr=8-116&xpid=sLKVI6PriDQ7N,8.0,0,1
B096XV7Y68,"MSI Modern 15 B7M-463 15.6"" Full HD Notebook AMD Ryzen 5 7430U 16 GB 512 GB SSD QWERTZ Schwarz",MSI,410.37,4.4,174.0,AMD Ryzen 5 7430U,16.0,512.0,AMD Radeon Graphics,15.6,1920x1080,Windows 11 Home,QWERTZ,https://www.amazon.de/MSI-Modern-B7M-463-0015HK-463-4711377326766/dp/B096XV7Y68/ref=sr_1_117?dib=eyJ2IjoiMSJ9.mz-YSr_iu4CBp8EmskV7oBDEhgFo9G8h8WiqfWxdENwjBs6WXbBmyM_-opbzdUq52QNjQDy4Wnx8Sg12rirKuGDYr60sI3DMu8au5huoMzxROcp5IQbI5UVlclQYrAVswUKPXL5INtUUT6qzoPMD07ZVcmPhRhWaDzSFB7hvpEWtOuiAwuzVqF7M6ngBHJJWNQtYmggij3eDzqVo1YasRZC-ySEEqoHg1vDglBLnh3k.CNT6LumbDM1zCpOSoI1kLJCgbxWFMVThi2K3IOUw1Vg&dib_tag=se&keywords=laptop&qid=1788691221&sr=8-117&xpid=sLKVI6PriDQ7N,8.0,0,1
B0836DLDD6,"Acer Aspire Go 16 (AG16-71P-96VZ) Laptop, 16"" WUXGA IPS 120Hz Display, Intel Core i9-13900H, 32 GB RAM, 1 TB SSD, Intel Iris Xe Grafik, Windows 11, QWERTZ Tastatur, Silber",Acer,1132.0,4.0,13.0,Intel Core i9-13900H,32.0,512.0,Intel Iris Xe,16.0,1920x1200,Windows 11 Home,QWERTZ,https://www.amazon.de/acer-AG16-71P-96VZ-Display-i9-13900H-Tastatur/dp/B0836DLDD6/ref=sr_1_118?dib=eyJ2IjoiMSJ9.mz-YSr_iu4CBp8EmskV7oBDEhgFo9G8h8WiqfWxdENwjBs6WXbBmyM_-opbzdUq52QNjQDy4Wnx8Sg12rirKuGDYr60sI3DMu8au5huoMzxROcp5IQbI5UVlclQYrAVswUKPXL5INtUUT6qzoPMD07ZVcmPhRhWaDzSFB7hvpEWtOuiAwuzVqF7M6ngBHJJWNQtYmggij3eDzqVo1YasRZC-ySEEqoHg1vDglBLnh3k.CNT6LumbDM1zCpOSoI1kLJCgbxWFMVThi2K3IOUw1Vg&dib_tag=se&keywords=laptop&qid=1788691221&sr=8-118&xpid=sLKVI6PriDQ7N,8.0,0,0
B0B8QYXY9H,"acer Aspire AG17-31P Laptop 17,3 Zoll Full HD, Intel N150, 8 GB RAM, 128GB | AZERTY Tastatur (Französisch)",Acer,497.48,4.0,39.0,Intel Core 3-N355,8.0,128.0,Intel UHD Graphics,17.3,1920x1080,Windows 11,AZERTY,https://www.amazon.de/acer-Aspire-AG17-31P-C0KQ-Laptop-Windows/dp/B0B8QYXY9H/ref=sr_1_119?dib=eyJ2IjoiMSJ9.mz-YSr_iu4CBp8EmskV7oBDEhgFo9G8h8WiqfWxdENwjBs6WXbBmyM_-opbzdUq52QNjQDy4Wnx8Sg12rirKuGDYr60sI3DMu8au5huoMzxROcp5IQbI5UVlclQYrAVswUKPXL5INtUUT6qzoPMD07ZVcmPhRhWaDzSFB7hvpEWtOuiAwuzVqF7M6ngBHJJWNQtYmggij3eDzqVo1YasRZC-ySEEqoHg1vDglBLnh3k.CNT6LumbDM1zCpOSoI1kLJCgbxWFMVThi2K3IOUw1Vg&dib_tag=se&keywords=laptop&qid=1788691221&sr=8-119&xpid=sLKVI6PriDQ7N,8.0,1,0
B0F9XBK1J9,"HP OmniBook X Flip, 16"" 3K, Intel Core Ultra 7, 32GB RAM, 1TB SSD | Copilot+ Premium 2-in-1 Laptop mit großem 3K-Touchdisplay für Kreativarbeit, Business und Multitasking, QWERTZ, Silber",HP,1416.97,4.7,37.0,Intel Core Ultra 7,32.0,1024.0,Intel Arc Graphics,16.0,2880x1800,Windows 11 Home,QWERTZ,https://www.amazon.de/HP-OmniBook-Copilot-KI-gest%C3%BCtzt-Convertible/dp/B0F9XBK1J9/ref=sr_1_120?dib=eyJ2IjoiMSJ9.mz-YSr_iu4CBp8EmskV7oBDEhgFo9G8h8WiqfWxdENwjBs6WXbBmyM_-opbzdUq52QNjQDy4Wnx8Sg12rirKuGDYr60sI3DMu8au5huoMzxROcp5IQbI5UVlclQYrAVswUKPXL5INtUUT6qzoPMD07ZVcmPhRhWaDzSFB7hvpEWtOuiAwuzVqF7M6ngBHJJWNQtYmggij3eDzqVo1YasRZC-ySEEqoHg1vDglBLnh3k.CNT6LumbDM1zCpOSoI1kLJCgbxWFMVThi2K3IOUw1Vg&dib_tag=se&keywords=laptop&qid=1788691221&sr=8-120&xpid=sLKVI6PriDQ7N,8.0,0,1
B0GK1RR1BH,"HP OmniBook 3 Laptop, 14"" WUXGA, Snapdragon X, 16GB RAM, 512GB SSD | Leistungsstarkes KI-Notebook mit Copilot+ und extra langer Akkulaufzeit - kein Ladegerät enthalten, QWERTZ, Silber",HP,733.0,1.0,1.0,Intel Core Ultra 5,16.0,512.0,Unknown,14.0,1920x1200,Windows 11,QWERTZ,https://www.amazon.de/HP-OmniBook-Display-Snapdragon-Copilot/dp/B0GK1RR1BH/ref=sr_1_121?dib=eyJ2IjoiMSJ9.mz-YSr_iu4CBp8EmskV7oBDEhgFo9G8h8WiqfWxdENwjBs6WXbBmyM_-opbzdUq52QNjQDy4Wnx8Sg12rirKuGDYr60sI3DMu8au5huoMzxROcp5IQbI5UVlclQYrAVswUKPXL5INtUUT6qzoPMD07ZVcmPhRhWaDzSFB7hvpEWtOuiAwuzVqF7M6ngBHJJWNQtYmggij3eDzqVo1YasRZC-ySEEqoHg1vDglBLnh3k.CNT6LumbDM1zCpOSoI1kLJCgbxWFMVThi2K3IOUw1Vg&dib_tag=se&keywords=laptop&qid=1788691221&sr=8-121&xpid=sLKVI6PriDQ7N,8.0,1,1
B0GHZCDGP8,"Dell 16 Laptop - Intel Core 5 120U, 16GB RAM, 512GB SSD | 16"" entspiegelt, Intel UHD Grafik, Deutsch beleuchtete QWERTZ Tastatur, Fingerabdruckleser (Netzteil separat erhältlich)",Dell,789.69,5.0,50.0,Intel Core 5 120U,16.0,512.0,Intel UHD Graphics,16.0,2560x1600,Windows 11 Home,QWERTZ,https://www.amazon.de/Dell-Laptop-DC16250-inch-Anti-Glare/dp/B0GHZCDGP8/ref=sr_1_122?dib=eyJ2IjoiMSJ9.mz-YSr_iu4CBp8EmskV7oBDEhgFo9G8h8WiqfWxdENwjBs6WXbBmyM_-opbzdUq52QNjQDy4Wnx8Sg12rirKuGDYr60sI3DMu8au5huoMzxROcp5IQbI5UVlclQYrAVswUKPXL5INtUUT6qzoPMD07ZVcmPhRhWaDzSFB7hvpEWtOuiAwuzVqF7M6ngBHJJWNQtYmggij3eDzqVo1YasRZC-ySEEqoHg1vDglBLnh3k.CNT6LumbDM1zCpOSoI1kLJCgbxWFMVThi2K3IOUw1Vg&dib_tag=se&keywords=laptop&qid=1788691221&sr=8-122&xpid=sLKVI6PriDQ7N,8.0,0,0
B0F225DQ9V,Dell Latitude 5420/ Core i5 1145G7 2.6GHz / 16GB RAM / 256GB SSD/WiFi/BT / 14.0 FHD (1920x1080) / Win 11 Pro (Generalüberholt) (QWERTZ - German),Amazon Renewed,687.43,4.3,4.0,Intel Core i5-1145G7,16.0,256.0,Intel UHD Graphics,14.0,1920x1080,Windows 11 Pro,QWERTZ,https://www.amazon.de/Dell-Latitude-5420-1920x1080-General%C3%BCberholt/dp/B0F225DQ9V/ref=sr_1_123?dib=eyJ2IjoiMSJ9.mz-YSr_iu4CBp8EmskV7oBDEhgFo9G8h8WiqfWxdENwjBs6WXbBmyM_-opbzdUq52QNjQDy4Wnx8Sg12rirKuGDYr60sI3DMu8au5huoMzxROcp5IQbI5UVlclQYrAVswUKPXL5INtUUT6qzoPMD07ZVcmPhRhWaDzSFB7hvpEWtOuiAwuzVqF7M6ngBHJJWNQtYmggij3eDzqVo1YasRZC-ySEEqoHg1vDglBLnh3k.CNT6LumbDM1zCpOSoI1kLJCgbxWFMVThi2K3IOUw1Vg&dib_tag=se&keywords=laptop&qid=1788691221&sr=8-123&xpid=sLKVI6PriDQ7N,8.0,1,1
B0FJ64VF3N,"Lenovo ThinkPad L14 Gen 2 Ryzen 7 Pro 8 x 1.9 GHz Prozessor, 32 GB Arbeitsspeicher, 512 GB SSD, 14 Zoll Display, Full HD 1920x1080 IPS Windows 11 Pro 1920 P7K (Generalüberholt)",Amazon Renewed,514.71,4.3,9.0,AMD Ryzen 7 Pro,32.0,512.0,AMD Radeon Graphics,14.0,1920x1080,Windows 11 Pro,Unknown,https://www.amazon.de/Lenovo-L14-Gen-Arbeitsspeicher-General%C3%BCberholt/dp/B0FJ64VF3N/ref=sr_1_124?dib=eyJ2IjoiMSJ9.mz-YSr_iu4CBp8EmskV7oBDEhgFo9G8h8WiqfWxdENwjBs6WXbBmyM_-opbzdUq52QNjQDy4Wnx8Sg12rirKuGDYr60sI3DMu8au5huoMzxROcp5IQbI5UVlclQYrAVswUKPXL5INtUUT6qzoPMD07ZVcmPhRhWaDzSFB7hvpEWtOuiAwuzVqF7M6ngBHJJWNQtYmggij3eDzqVo1YasRZC-ySEEqoHg1vDglBLnh3k.CNT6LumbDM1zCpOSoI1kLJCgbxWFMVThi2K3IOUw1Vg&dib_tag=se&keywords=laptop&qid=1788691221&sr=8-124&xpid=sLKVI6PriDQ7N,8.0,0,0
B0GTLZ8775,"Lenovo ThinkPad L13 Yoga Gen 2 Laptop, 2-in-1 Touchscreen Notebook, Intel Core i5-1135G7, 13,3 Zoll FHD, 16GB RAM, 256GB SSD, UK QWERTY Tastatur, Windows 11 Pro (Renewed)",Lenovo,291.3,4.8,3.0,Intel Core i5,16.0,256.0,Unknown,13.3,1920x1080,Windows 11 Pro,QWERTZ,https://www.amazon.de/Lenovo-ThinkPad-Touchscreen-Notebook-i5-1135G7/dp/B0GTLZ8775/ref=sr_1_126?dib=eyJ2IjoiMSJ9.mz-YSr_iu4CBp8EmskV7oBDEhgFo9G8h8WiqfWxdENwjBs6WXbBmyM_-opbzdUq52QNjQDy4Wnx8Sg12rirKuGDYr60sI3DMu8au5huoMzxROcp5IQbI5UVlclQYrAVswUKPXL5INtUUT6qzoPMD07ZVcmPhRhWaDzSFB7hvpEWtOuiAwuzVqF7M6ngBHJJWNQtYmggij3eDzqVo1YasRZC-ySEEqoHg1vDglBLnh3k.CNT6LumbDM1zCpOSoI1kLJCgbxWFMVThi2K3IOUw1Vg&dib_tag=se&keywords=laptop&qid=1788691221&sr=8-126&xpid=sLKVI6PriDQ7N,8.0,1,1
B0GR4YF4JG,"jumper Laptop 17,6 Zoll, Celeron Quad core, 16GB RAM 512GB SSD + 128GB eMMC | 100% sRGB FHD Display, Enthält Office 365, QWERTZ Leuchtende Tastatur, 7000mAh, Notebook für Studenten und Unternehmen",jumper,395.26,3.6,18.0,Intel N95,16.0,640.0,Intel UHD Graphics,17.6,1920x1200,Windows 11,QWERTZ,https://www.amazon.de/jumper-Laptop-Celeron-512GB-128GB/dp/B0GR4YF4JG/ref=sr_1_127?dib=eyJ2IjoiMSJ9.mz-YSr_iu4CBp8EmskV7oBDEhgFo9G8h8WiqfWxdENwjBs6WXbBmyM_-opbzdUq52QNjQDy4Wnx8Sg12rirKuGDYr60sI3DMu8au5huoMzxROcp5IQbI5UVlclQYrAVswUKPXL5INtUUT6qzoPMD07ZVcmPhRhWaDzSFB7hvpEWtOuiAwuzVqF7M6ngBHJJWNQtYmggij3eDzqVo1YasRZC-ySEEqoHg1vDglBLnh3k.CNT6LumbDM1zCpOSoI1kLJCgbxWFMVThi2K3IOUw1Vg&dib_tag=se&keywords=laptop&qid=1788691221&sr=8-127&xpid=sLKVI6PriDQ7N,8.0,1,1
B0D5RFN7MG,"HP EliteBook 850 G8 15,6 Zoll 1920x1080 Full HD Intel Core i5 1135G7 1TB SSD Festplatte 16GB Speicher Windows 11 Pro 4G LTE Webcam Notebook Laptop (Generalüberholt)",Amazon Renewed,549.09,5.0,6.0,Intel Core i5,16.0,1024.0,Intel Iris Xe,15.6,1920x1080,Windows 11 Pro,QWERTZ,https://www.amazon.de/HP-EliteBook-1920x1080-Festplatte-General%C3%BCberholt/dp/B0D5RFN7MG/ref=sr_1_128?dib=eyJ2IjoiMSJ9.mz-YSr_iu4CBp8EmskV7oBDEhgFo9G8h8WiqfWxdENwjBs6WXbBmyM_-opbzdUq52QNjQDy4Wnx8Sg12rirKuGDYr60sI3DMu8au5huoMzxROcp5IQbI5UVlclQYrAVswUKPXL5INtUUT6qzoPMD07ZVcmPhRhWaDzSFB7hvpEWtOuiAwuzVqF7M6ngBHJJWNQtYmggij3eDzqVo1YasRZC-ySEEqoHg1vDglBLnh3k.CNT6LumbDM1zCpOSoI1kLJCgbxWFMVThi2K3IOUw1Vg&dib_tag=se&keywords=laptop&qid=1788691221&sr=8-128&xpid=sLKVI6PriDQ7N,8.0,0,1
B0H1QT16ZV,"jumper Laptop 17,6 Zoll, N95 CPU, 16GB RAM 512GB SSD + 128GB eMMC, 100% sRGB FHD Display, QWERTY Leuchtende Tastatur, mit Deutscher Tastaturfolie, 7000mAh, WiFi-6, Notebook für Studenten",jumper,412.44,3.7,8.0,Intel Core 5,16.0,640.0,Intel UHD Graphics,17.6,1920x1200,Windows 11,QWERTY,https://www.amazon.de/jumper-Leuchtende-Deutscher-Tastaturfolie-Studenten/dp/B0H1QT16ZV/ref=sr_1_129?dib=eyJ2IjoiMSJ9.8LyNtzolUzr_MJ4pf4fHjp-j8WOULkDKNr4-UGJ0biESQzhBxiYZLLDHRih46wpNiK9IS_JmuyByGbqUohcXbGDFp2ghye3Enb2OCC0pyjjQZC0RCPTod6E9g9J1unp_SLEV5JrenQFYXyE_CYQOSOlXUq4IXVOSiAa6uzESxtiKBYQ2sKtqVV0jedbmhdQNQZhoasEHzKouX2i4LNpIIyAD_cmutaR3QjAjz8QaXJE.r9nCWHC_DWR-dVYdTOZSMvyXDytpp2IsEe93BdDl6aY&dib_tag=se&keywords=laptop&qid=1788691308&sr=8-129&xpid=sLKVI6PriDQ7N,9.0,1,0
B0C18YMH91,"Lenovo IdeaPad Flex Convertible 5 Laptop | 14"" WUXGA Display | AMD Ryzen 7 7730U | 16GB RAM | 512GB SSD | AMD Radeon Grafik | Windows 11 Home | QWERTZ | grau | 3 Monate Premium Care",Lenovo,772.5,4.3,220.0,AMD Ryzen 7 7730U,16.0,512.0,AMD Radeon 820M,14.0,1920x1200,Windows 11 Home,QWERTZ,https://www.amazon.de/Lenovo-IdeaPad-82XX0003GE-WUXGA-Windows/dp/B0C18YMH91/ref=sr_1_130?dib=eyJ2IjoiMSJ9.8LyNtzolUzr_MJ4pf4fHjp-j8WOULkDKNr4-UGJ0biESQzhBxiYZLLDHRih46wpNiK9IS_JmuyByGbqUohcXbGDFp2ghye3Enb2OCC0pyjjQZC0RCPTod6E9g9J1unp_SLEV5JrenQFYXyE_CYQOSOlXUq4IXVOSiAa6uzESxtiKBYQ2sKtqVV0jedbmhdQNQZhoasEHzKouX2i4LNpIIyAD_cmutaR3QjAjz8QaXJE.r9nCWHC_DWR-dVYdTOZSMvyXDytpp2IsEe93BdDl6aY&dib_tag=se&keywords=laptop&qid=1788691308&sr=8-130&xpid=sLKVI6PriDQ7N,9.0,1,1
B0G5BKWWBB,"Dell 14 Laptop - AMD Ryzen AI 7 350, 16GB RAM, 1TB SSD | 14"" entspiegelt, AMD Radeon Grafik, beleuchtete QWERTZ Tastatur, Fingerabdruckleser, Copilot+ (Netzteil separat erhältlich)",Dell,729.54,4.8,0.0,AMD Ryzen AI 7,16.0,1024.0,AMD Radeon Graphics,14.0,1920x1200,Windows 11 Home,QWERTZ,https://www.amazon.de/Dell-Deutsche-Tastatur-Hintergrundbeleuchtung-Platinum/dp/B0G5BKWWBB/ref=sr_1_131?dib=eyJ2IjoiMSJ9.8LyNtzolUzr_MJ4pf4fHjp-j8WOULkDKNr4-UGJ0biESQzhBxiYZLLDHRih46wpNiK9IS_JmuyByGbqUohcXbGDFp2ghye3Enb2OCC0pyjjQZC0RCPTod6E9g9J1unp_SLEV5JrenQFYXyE_CYQOSOlXUq4IXVOSiAa6uzESxtiKBYQ2sKtqVV0jedbmhdQNQZhoasEHzKouX2i4LNpIIyAD_cmutaR3QjAjz8QaXJE.r9nCWHC_DWR-dVYdTOZSMvyXDytpp2IsEe93BdDl6aY&dib_tag=se&keywords=laptop&qid=1788691308&sr=8-131&xpid=sLKVI6PriDQ7N,9.0,0,0
B0GLPMBJ24,"ASUS TUF Gaming A18 | 18"" WUXGA | Ryzen 7 260 | RAM: 32GB | SSD: 1TB | Gaming Laptop | NVIDIA RTX 5060 | 144Hz | RGB Tastatur | Windows 11 Pro | Notebooktasche",ASUS,1313.85,5.0,0.0,AMD Ryzen 7 260,32.0,1024.0,NVIDIA GeForce RTX 5060,18.0,1920x1200,Windows 11 Pro,QWERTZ,https://www.amazon.de/ASUS-TUF-Gaming-WUXGA-Ryzen/dp/B0GLPMBJ24/ref=sr_1_132?dib=eyJ2IjoiMSJ9.8LyNtzolUzr_MJ4pf4fHjp-j8WOULkDKNr4-UGJ0biESQzhBxiYZLLDHRih46wpNiK9IS_JmuyByGbqUohcXbGDFp2ghye3Enb2OCC0pyjjQZC0RCPTod6E9g9J1unp_SLEV5JrenQFYXyE_CYQOSOlXUq4IXVOSiAa6uzESxtiKBYQ2sKtqVV0jedbmhdQNQZhoasEHzKouX2i4LNpIIyAD_cmutaR3QjAjz8QaXJE.r9nCWHC_DWR-dVYdTOZSMvyXDytpp2IsEe93BdDl6aY&dib_tag=se&keywords=laptop&qid=1788691308&sr=8-132&xpid=sLKVI6PriDQ7N,9.0,1,0
B0GSH67FDX,Lenovo ThinkPad T14 Gen 3 Intel i7 10x1.3 GHz 12.Gen 32 GB Arbeitsspeicher 512 GB SSD 14 Zoll Display WUXGA 1920x1200 IPS Windows 11 Pro X5S (Generalüberholt),Amazon Renewed,730.4,5.0,0.0,Intel Core i7-1265U,32.0,512.0,Intel Iris Xe,14.0,1920x1200,Windows 11 Pro,Unknown,https://www.amazon.de/Lenovo-T14-Gen-Arbeitsspeicher-General%C3%BCberholt/dp/B0GSH67FDX/ref=sr_1_133?dib=eyJ2IjoiMSJ9.8LyNtzolUzr_MJ4pf4fHjp-j8WOULkDKNr4-UGJ0biESQzhBxiYZLLDHRih46wpNiK9IS_JmuyByGbqUohcXbGDFp2ghye3Enb2OCC0pyjjQZC0RCPTod6E9g9J1unp_SLEV5JrenQFYXyE_CYQOSOlXUq4IXVOSiAa6uzESxtiKBYQ2sKtqVV0jedbmhdQNQZhoasEHzKouX2i4LNpIIyAD_cmutaR3QjAjz8QaXJE.r9nCWHC_DWR-dVYdTOZSMvyXDytpp2IsEe93BdDl6aY&dib_tag=se&keywords=laptop&qid=1788691308&sr=8-133&xpid=sLKVI6PriDQ7N,9.0,0,1
B0FCG2VS1T,"HP Laptop 39,6 cm (15,6 Zoll) FHD (AMD Ryzen 5-7520U, 16 GB RAM, 1 TB SSD, AMD Radeon Graphics, ohne Betriebssystem), Silber und Blau, spanische QWERTY-Tastatur",HP,376.3,4.0,43.0,AMD Ryzen 5 7520U,16.0,1024.0,AMD Radeon Graphics,15.6,1920x1080,Unknown,QWERTY,https://www.amazon.de/HP-Graphics-Betriebssystem-spanische-QWERTY-Tastatur/dp/B0FCG2VS1T/ref=sr_1_134?dib=eyJ2IjoiMSJ9.8LyNtzolUzr_MJ4pf4fHjp-j8WOULkDKNr4-UGJ0biESQzhBxiYZLLDHRih46wpNiK9IS_JmuyByGbqUohcXbGDFp2ghye3Enb2OCC0pyjjQZC0RCPTod6E9g9J1unp_SLEV5JrenQFYXyE_CYQOSOlXUq4IXVOSiAa6uzESxtiKBYQ2sKtqVV0jedbmhdQNQZhoasEHzKouX2i4LNpIIyAD_cmutaR3QjAjz8QaXJE.r9nCWHC_DWR-dVYdTOZSMvyXDytpp2IsEe93BdDl6aY&dib_tag=se&keywords=laptop&qid=1788691308&sr=8-134&xpid=sLKVI6PriDQ7N,9.0,0,1
B0H6Q4MNKC,"jumper 17,6 Zoll Laptop 16GB RAM 256GB SSD für Unternehmen und Studenten | 100% sRGB FHD Display, 10100Y CPU(bis zu 3,9GHz), Beleuchtetes QWERTZ-Tastatur Notebook Computer, Allgemein Typ-C/HDMI/WiFi6",jumper,756.17,5.0,0.0,Intel Core i3-10100Y,16.0,256.0,Unknown,17.6,1920x1200,Windows 11,QWERTZ,https://www.amazon.de/jumper-Laptop-256GB-Unternehmen-Studenten/dp/B0H6Q4MNKC/ref=sr_1_135?dib=eyJ2IjoiMSJ9.8LyNtzolUzr_MJ4pf4fHjp-j8WOULkDKNr4-UGJ0biESQzhBxiYZLLDHRih46wpNiK9IS_JmuyByGbqUohcXbGDFp2ghye3Enb2OCC0pyjjQZC0RCPTod6E9g9J1unp_SLEV5JrenQFYXyE_CYQOSOlXUq4IXVOSiAa6uzESxtiKBYQ2sKtqVV0jedbmhdQNQZhoasEHzKouX2i4LNpIIyAD_cmutaR3QjAjz8QaXJE.r9nCWHC_DWR-dVYdTOZSMvyXDytpp2IsEe93BdDl6aY&dib_tag=se&keywords=laptop&qid=1788691308&sr=8-135&xpid=sLKVI6PriDQ7N,9.0,1,0
B0CGDJ67QR,"Acer Nitro V 15 ANV15 – 51 – 5673 Notebook Gaming, Prozessor Intel Core i5 – 13420H, RAM 16 GB DDR5, 512 GB SSD, Display 15,6 Zoll FHD IPS 144 Hz LED LCD, Nvidia GeForce RTX 4050 6 GB Windows 11 Home",Acer,1090.0,4.1,151.0,Intel Core i5,32.0,512.0,NVIDIA GeForce RTX 4050,15.6,1920x1080,Windows 11 Home,QWERTY,https://www.amazon.de/Acer-Nitro-15-ANV15-Prozessor/dp/B0CGDJ67QR/ref=sr_1_136?dib=eyJ2IjoiMSJ9.8LyNtzolUzr_MJ4pf4fHjp-j8WOULkDKNr4-UGJ0biESQzhBxiYZLLDHRih46wpNiK9IS_JmuyByGbqUohcXbGDFp2ghye3Enb2OCC0pyjjQZC0RCPTod6E9g9J1unp_SLEV5JrenQFYXyE_CYQOSOlXUq4IXVOSiAa6uzESxtiKBYQ2sKtqVV0jedbmhdQNQZhoasEHzKouX2i4LNpIIyAD_cmutaR3QjAjz8QaXJE.r9nCWHC_DWR-dVYdTOZSMvyXDytpp2IsEe93BdDl6aY&dib_tag=se&keywords=laptop&qid=1788691308&sr=8-136&xpid=sLKVI6PriDQ7N,9.0,1,1
B0C5N3W36N,"HP Laptop | 15,6"" FHD Display | Intel Celeron N4500 | 4 GB DDR4 RAM | 128 GB SSD | Intel UHD Graphics | Windows 11 Home im S-Modus | QWERTZ Tastatur | Silber | inkl. Microsoft Office 365 Single",HP,299.89,3.8,657.0,Intel Celeron N4500,4.0,128.0,Intel UHD Graphics,15.6,1920x1080,Windows 11 Home,QWERTZ,https://www.amazon.de/HP-Display-Graphics-Tastatur-Microsoft/dp/B0C5N3W36N/ref=sr_1_137?dib=eyJ2IjoiMSJ9.8LyNtzolUzr_MJ4pf4fHjp-j8WOULkDKNr4-UGJ0biESQzhBxiYZLLDHRih46wpNiK9IS_JmuyByGbqUohcXbGDFp2ghye3Enb2OCC0pyjjQZC0RCPTod6E9g9J1unp_SLEV5JrenQFYXyE_CYQOSOlXUq4IXVOSiAa6uzESxtiKBYQ2sKtqVV0jedbmhdQNQZhoasEHzKouX2i4LNpIIyAD_cmutaR3QjAjz8QaXJE.r9nCWHC_DWR-dVYdTOZSMvyXDytpp2IsEe93BdDl6aY&dib_tag=se&keywords=laptop&qid=1788691308&sr=8-137&xpid=sLKVI6PriDQ7N,9.0,0,0
B0F25BCFLB,"ASUS ROG Strix G16 G614FM Laptop | 16"" WUXGA 165Hz/3ms 16:9 IPS Display | AMD Ryzen 9 9955HX | 16GB RAM | 1TB SSD | NVIDIA RTX 5060 | Win11 Home | QWERTZ | Eclipse Gray | 3Monate GamePass",ASUS,1377.85,4.7,16.0,AMD Ryzen 9 9955HX,16.0,1024.0,NVIDIA GeForce RTX 5060,16.0,1920x1200,Windows 11 Home,QWERTZ,https://www.amazon.de/ASUS-Strix-G614FM-Laptop-WUXGA/dp/B0F25BCFLB/ref=sr_1_138?dib=eyJ2IjoiMSJ9.8LyNtzolUzr_MJ4pf4fHjp-j8WOULkDKNr4-UGJ0biESQzhBxiYZLLDHRih46wpNiK9IS_JmuyByGbqUohcXbGDFp2ghye3Enb2OCC0pyjjQZC0RCPTod6E9g9J1unp_SLEV5JrenQFYXyE_CYQOSOlXUq4IXVOSiAa6uzESxtiKBYQ2sKtqVV0jedbmhdQNQZhoasEHzKouX2i4LNpIIyAD_cmutaR3QjAjz8QaXJE.r9nCWHC_DWR-dVYdTOZSMvyXDytpp2IsEe93BdDl6aY&dib_tag=se&keywords=laptop&qid=1788691308&sr=8-138&xpid=sLKVI6PriDQ7N,9.0,1,0
B0GMQFD7LS,"Lenovo IdeaPad 5 | 2-in-1 Laptop| Snapdragon X2| 16GB| 512GB |Ohne Netzteil | CoPilot+ PC | 14"" WUXGA OLED Display | Touch |Snapdragon X2 Plus| 16GB RAM| 512GB SSD| Qualcomm Adreno|QWERTZ|Windows 11|Grau",Lenovo,1030.29,3.0,2.0,Intel Core Ultra 5,16.0,512.0,AMD Radeon 780M,14.0,1920x1200,Windows 11 Home,QWERTZ,https://www.amazon.de/Lenovo-IdeaPad-Snapdragon-X2P-42-100-Qualcomm/dp/B0GMQFD7LS/ref=sr_1_139?dib=eyJ2IjoiMSJ9.8LyNtzolUzr_MJ4pf4fHjp-j8WOULkDKNr4-UGJ0biESQzhBxiYZLLDHRih46wpNiK9IS_JmuyByGbqUohcXbGDFp2ghye3Enb2OCC0pyjjQZC0RCPTod6E9g9J1unp_SLEV5JrenQFYXyE_CYQOSOlXUq4IXVOSiAa6uzESxtiKBYQ2sKtqVV0jedbmhdQNQZhoasEHzKouX2i4LNpIIyAD_cmutaR3QjAjz8QaXJE.r9nCWHC_DWR-dVYdTOZSMvyXDytpp2IsEe93BdDl6aY&dib_tag=se&keywords=laptop&qid=1788691308&sr=8-139&xpid=sLKVI6PriDQ7N,9.0,1,1
B0G2BPBKXW,"ASUS TUF Gaming A16 FA607NUQ Laptop | 16"" WUXGA 16:10 IPS Display | AMD Ryzen 7 170 | 16GB RAM | 512GB SSD | NVIDIA RTX 4050 | Win11Home | QWERTZ | Mecha Gray | 3Monate GamePass",ASUS,858.43,5.0,0.0,Intel Core Ultra 9 275HX,16.0,512.0,NVIDIA GeForce RTX 4050,16.0,1920x1200,Windows 11 Home,QWERTZ,https://www.amazon.de/ASUS-Gaming-FA607NUQ-Laptop-WUXGA/dp/B0G2BPBKXW/ref=sr_1_140?dib=eyJ2IjoiMSJ9.8LyNtzolUzr_MJ4pf4fHjp-j8WOULkDKNr4-UGJ0biESQzhBxiYZLLDHRih46wpNiK9IS_JmuyByGbqUohcXbGDFp2ghye3Enb2OCC0pyjjQZC0RCPTod6E9g9J1unp_SLEV5JrenQFYXyE_CYQOSOlXUq4IXVOSiAa6uzESxtiKBYQ2sKtqVV0jedbmhdQNQZhoasEHzKouX2i4LNpIIyAD_cmutaR3QjAjz8QaXJE.r9nCWHC_DWR-dVYdTOZSMvyXDytpp2IsEe93BdDl6aY&dib_tag=se&keywords=laptop&qid=1788691308&sr=8-140&xpid=sLKVI6PriDQ7N,9.0,1,0
B0GK96SLMR,"HP OmniBook 3 Laptop, 17,3"" FHD, AMD Ryzen AI 7, 16GB RAM, 512GB SSD | Copilot+ KI-Notebook mit großem Display für produktives Multitasking, Office und Streaming - ohne Ladegerät, QWERTZ, Silber",HP,699.0,4.5,2.0,AMD Ryzen AI 7 445,16.0,512.0,AMD Radeon Graphics,17.3,1920x1080,Windows 11 Home,QWERTZ,https://www.amazon.de/HP-OmniBook-Laptop-Display-Copilot/dp/B0GK96SLMR/ref=sr_1_141?dib=eyJ2IjoiMSJ9.8LyNtzolUzr_MJ4pf4fHjp-j8WOULkDKNr4-UGJ0biESQzhBxiYZLLDHRih46wpNiK9IS_JmuyByGbqUohcXbGDFp2ghye3Enb2OCC0pyjjQZC0RCPTod6E9g9J1unp_SLEV5JrenQFYXyE_CYQOSOlXUq4IXVOSiAa6uzESxtiKBYQ2sKtqVV0jedbmhdQNQZhoasEHzKouX2i4LNpIIyAD_cmutaR3QjAjz8QaXJE.r9nCWHC_DWR-dVYdTOZSMvyXDytpp2IsEe93BdDl6aY&dib_tag=se&keywords=laptop&qid=1788691308&sr=8-141&xpid=sLKVI6PriDQ7N,9.0,1,0
B0FNRBBTD8,"Acer Aspire Go 15 (AG15-72P-52M0) Laptop, 15,6"" FHD IPS Display, Intel Core 5 120U, 16 GB RAM, 512 GB SSD, Intel Grafik, Windows 11, QWERTY Tastatur, Silber",Acer,557.68,3.5,2.0,Intel Core 5,16.0,512.0,Intel Graphics,15.6,1920x1080,Windows 11 Home,QWERTY,https://www.amazon.de/acer-AG15-72P-52M0-Display-Windows-Tastatur/dp/B0FNRBBTD8/ref=sr_1_142?dib=eyJ2IjoiMSJ9.8LyNtzolUzr_MJ4pf4fHjp-j8WOULkDKNr4-UGJ0biESQzhBxiYZLLDHRih46wpNiK9IS_JmuyByGbqUohcXbGDFp2ghye3Enb2OCC0pyjjQZC0RCPTod6E9g9J1unp_SLEV5JrenQFYXyE_CYQOSOlXUq4IXVOSiAa6uzESxtiKBYQ2sKtqVV0jedbmhdQNQZhoasEHzKouX2i4LNpIIyAD_cmutaR3QjAjz8QaXJE.r9nCWHC_DWR-dVYdTOZSMvyXDytpp2IsEe93BdDl6aY&dib_tag=se&keywords=laptop&qid=1788691308&sr=8-142&xpid=sLKVI6PriDQ7N,9.0,1,0
B0BV6S7P86,"Acer Aspire 17 (A17-51M-503B) Laptop, 17"" FHD IPS Display, Intel Core i5-1334U, 16 GB RAM, 512 GB SSD, Intel Iris Xe Graphics, Windows 11, QWERTZ Tastatur, grau",Acer,558.53,4.6,166.0,Intel Core i5-1334U,16.0,512.0,Intel Iris Xe,17.3,1920x1080,Windows 11 Home,QWERTZ,https://www.amazon.de/acer-NX-KZVEG-00C-Acer-A17-51M-503B/dp/B0BV6S7P86/ref=sr_1_143?dib=eyJ2IjoiMSJ9.8LyNtzolUzr_MJ4pf4fHjp-j8WOULkDKNr4-UGJ0biESQzhBxiYZLLDHRih46wpNiK9IS_JmuyByGbqUohcXbGDFp2ghye3Enb2OCC0pyjjQZC0RCPTod6E9g9J1unp_SLEV5JrenQFYXyE_CYQOSOlXUq4IXVOSiAa6uzESxtiKBYQ2sKtqVV0jedbmhdQNQZhoasEHzKouX2i4LNpIIyAD_cmutaR3QjAjz8QaXJE.r9nCWHC_DWR-dVYdTOZSMvyXDytpp2IsEe93BdDl6aY&dib_tag=se&keywords=laptop&qid=1788691308&sr=8-143&xpid=sLKVI6PriDQ7N,9.0,0,0
B0F6VV2GMZ,"Acer Nitro 18 AI | Gaming Laptop | Ryzen 9 | RTX 5070Tí | 32GB | 1TB | 18"" WQXGA 165Hz | AMD Ryzen AI 9 365 | NVIDIA RTX 5070Ti | 32GB RAM | 1TB SSD | RTX 5070Ti | Windows 11 |QWERTZ |AN18-61-R5H8",Acer,2276.26,5.0,16.0,AMD Ryzen AI 9,32.0,1024.0,NVIDIA GeForce RTX 5070,18.0,2560x1600,Windows 11,QWERTZ,https://www.amazon.de/Acer-Nitro-Gaming-Laptop-5070T%C3%AD/dp/B0F6VV2GMZ/ref=sr_1_144?dib=eyJ2IjoiMSJ9.8LyNtzolUzr_MJ4pf4fHjp-j8WOULkDKNr4-UGJ0biESQzhBxiYZLLDHRih46wpNiK9IS_JmuyByGbqUohcXbGDFp2ghye3Enb2OCC0pyjjQZC0RCPTod6E9g9J1unp_SLEV5JrenQFYXyE_CYQOSOlXUq4IXVOSiAa6uzESxtiKBYQ2sKtqVV0jedbmhdQNQZhoasEHzKouX2i4LNpIIyAD_cmutaR3QjAjz8QaXJE.r9nCWHC_DWR-dVYdTOZSMvyXDytpp2IsEe93BdDl6aY&dib_tag=se&keywords=laptop&qid=1788691308&sr=8-144&xpid=sLKVI6PriDQ7N,9.0,1,0
B0GMQ9THVT,"Lenovo LOQ Gaming AI Laptop | 15.3"" WUXGA 165Hz Display | AMD Ryzen 7 250 | 16GB RAM | 1TB SSD | NVIDIA GeForce RTX 5060 | Windows 11 | QWERTZ | Grau | 3 Monate GamePass",Lenovo,1275.5,4.4,3.0,Intel Core 7 240H,16.0,1024.0,NVIDIA GeForce RTX 5060,15.3,1920x1080,Windows 11,QWERTZ,https://www.amazon.de/Lenovo-Display-GeForce-Windows-GamePass/dp/B0GMQ9THVT/ref=sr_1_145?dib=eyJ2IjoiMSJ9.spHt9Kj3iaSvY7N6nYkrR64mmUrJREgY7-uYfTWY67C2EL-PlMyTzIt50AfdHCnhFVpsNwfVhzYcZ2O2rOWsXKwabyxmEqV8RXiC5S8rKOb-W43ggSCVoQaaHzbu5ykYufhuD02Gv6wVxmYEN2y8NGuNKQVKpvwvijdk37oPG0vFangjRoJ1N5iGAyYc95IIeMsm_4OEbr3d0ke2TD6AwPdtn79cTEDhtpqSxurkkHQ.XNL219W30KPdgpqqkUYmRuUSGpx4b_gXbQmUOwO6RPg&dib_tag=se&keywords=laptop&qid=1788691423&sr=8-145&xpid=sLKVI6PriDQ7N,10.0,1,0
B0GT2P1D4D,"ACEMAGIC AMD Laptop, AMD Ryzen 7 5000 Series (8C/16T), Radeon RX Vega 8 Graphics, 16.1 Zoll FHD Display, 16GB RAM, 512GB NVMe SSD mit Numeric KB, Type_C (Full Function), WiFi 6, Akku",ACEMAGIC,388.7,3.0,3.0,AMD Ryzen 7 5000 Series,16.0,512.0,AMD Radeon RX Vega,16.1,1920x1080,Windows 11,Unknown,https://www.amazon.de/ACEMAGIC-Graphics-Display-Numeric-Function/dp/B0GT2P1D4D/ref=sr_1_146?dib=eyJ2IjoiMSJ9.spHt9Kj3iaSvY7N6nYkrR64mmUrJREgY7-uYfTWY67C2EL-PlMyTzIt50AfdHCnhFVpsNwfVhzYcZ2O2rOWsXKwabyxmEqV8RXiC5S8rKOb-W43ggSCVoQaaHzbu5ykYufhuD02Gv6wVxmYEN2y8NGuNKQVKpvwvijdk37oPG0vFangjRoJ1N5iGAyYc95IIeMsm_4OEbr3d0ke2TD6AwPdtn79cTEDhtpqSxurkkHQ.XNL219W30KPdgpqqkUYmRuUSGpx4b_gXbQmUOwO6RPg&dib_tag=se&keywords=laptop&qid=1788691423&sr=8-146&xpid=sLKVI6PriDQ7N,10.0,1,0
B0F6T3FZ2Y,"Acer Nitro V16 AI | Gaming Laptop | Ryzen 7 | RTX 5060 | 16GB | 1TB | 16"" WUXGA 180Hz Display| AMD Ryzen 7 260| NVIDIA RTX 5060| 16GB RAM| 1TB SSD | Windows 11| QWERTZ Tastatur | ANV16-42-R4QR",Acer,1017.2,3.3,8.0,AMD Ryzen 7 260,16.0,1024.0,NVIDIA GeForce RTX 5060,16.0,1920x1200,Windows 11,QWERTZ,https://www.amazon.de/Acer-Nitro-Gaming-Laptop-Ryzen/dp/B0F6T3FZ2Y/ref=sr_1_147?dib=eyJ2IjoiMSJ9.spHt9Kj3iaSvY7N6nYkrR64mmUrJREgY7-uYfTWY67C2EL-PlMyTzIt50AfdHCnhFVpsNwfVhzYcZ2O2rOWsXKwabyxmEqV8RXiC5S8rKOb-W43ggSCVoQaaHzbu5ykYufhuD02Gv6wVxmYEN2y8NGuNKQVKpvwvijdk37oPG0vFangjRoJ1N5iGAyYc95IIeMsm_4OEbr3d0ke2TD6AwPdtn79cTEDhtpqSxurkkHQ.XNL219W30KPdgpqqkUYmRuUSGpx4b_gXbQmUOwO6RPg&dib_tag=se&keywords=laptop&qid=1788691423&sr=8-147&xpid=sLKVI6PriDQ7N,10.0,0,0
B0H8HP8KK8,"Lenovo ThinkPad T14s Gen 1 Business-Laptop, 14 Zoll FHD (1920 x 1080), Intel Core i7-10610U, 32 GB RAM, 1 TB SSD, japanische QWERTY-Tastatur, Webcam, Windows 11 Pro (Generalüberholt)",Amazon Renewed,403.01,5.0,0.0,Intel Core i7-10610U,32.0,1024.0,Unknown,14.0,1920x1080,Windows 11 Pro,QWERTZ,https://www.amazon.de/Lenovo-ThinkPad-T14s-Gen-Business-Laptop/dp/B0H8HP8KK8/ref=sr_1_148?dib=eyJ2IjoiMSJ9.spHt9Kj3iaSvY7N6nYkrR64mmUrJREgY7-uYfTWY67C2EL-PlMyTzIt50AfdHCnhFVpsNwfVhzYcZ2O2rOWsXKwabyxmEqV8RXiC5S8rKOb-W43ggSCVoQaaHzbu5ykYufhuD02Gv6wVxmYEN2y8NGuNKQVKpvwvijdk37oPG0vFangjRoJ1N5iGAyYc95IIeMsm_4OEbr3d0ke2TD6AwPdtn79cTEDhtpqSxurkkHQ.XNL219W30KPdgpqqkUYmRuUSGpx4b_gXbQmUOwO6RPg&dib_tag=se&keywords=laptop&qid=1788691423&sr=8-148&xpid=sLKVI6PriDQ7N,10.0,1,0
B0H75YMF3Y,"MSI Titan 18 HX Draco Epic Gaming-Laptop, 18"" UHD+ Mini-LED Display, Intel Core Ultra 9 290HX Plus, NVIDIA GeForce RTX 5090, 96 GB DDR5, 4 TB SSD, Windows 11 Home, QWERTZ Tastatur, Schwarz, A2WJ-1218",MSI,6299.59,4.5,0.0,Intel Core Ultra 9,96.0,4096.0,NVIDIA GeForce RTX 5090,18.0,3840x2400,Windows 11 Home,QWERTZ,https://www.amazon.de/MSI-Gaming-Laptop-Mini-LED-Tastatur-A2WJ-1218/dp/B0H75YMF3Y/ref=sr_1_149?dib=eyJ2IjoiMSJ9.spHt9Kj3iaSvY7N6nYkrR64mmUrJREgY7-uYfTWY67C2EL-PlMyTzIt50AfdHCnhFVpsNwfVhzYcZ2O2rOWsXKwabyxmEqV8RXiC5S8rKOb-W43ggSCVoQaaHzbu5ykYufhuD02Gv6wVxmYEN2y8NGuNKQVKpvwvijdk37oPG0vFangjRoJ1N5iGAyYc95IIeMsm_4OEbr3d0ke2TD6AwPdtn79cTEDhtpqSxurkkHQ.XNL219W30KPdgpqqkUYmRuUSGpx4b_gXbQmUOwO6RPg&dib_tag=se&keywords=laptop&qid=1788691423&sr=8-149&xpid=sLKVI6PriDQ7N,10.0,1,1
B0FB7P7GF3,"Dell 16 Laptop DC16250 Intel Core 5 Series 1 16"" 2K | Windows 11 Home, DDR5 RAM, 512 GB SSD, Graphics, spanische QWERTY-Tastatur mit Hintergrundbeleuchtung, Schwarz, WLAN 6",Dell,504.98,3.1,7.0,Intel Core 5 120U,16.0,512.0,Intel UHD Graphics,16.0,1920x1200,Windows 11 Home,QWERTY,https://www.amazon.de/Dell-Laptop-Display-Graphics-Windows/dp/B0FB7P7GF3/ref=sr_1_150?dib=eyJ2IjoiMSJ9.spHt9Kj3iaSvY7N6nYkrR64mmUrJREgY7-uYfTWY67C2EL-PlMyTzIt50AfdHCnhFVpsNwfVhzYcZ2O2rOWsXKwabyxmEqV8RXiC5S8rKOb-W43ggSCVoQaaHzbu5ykYufhuD02Gv6wVxmYEN2y8NGuNKQVKpvwvijdk37oPG0vFangjRoJ1N5iGAyYc95IIeMsm_4OEbr3d0ke2TD6AwPdtn79cTEDhtpqSxurkkHQ.XNL219W30KPdgpqqkUYmRuUSGpx4b_gXbQmUOwO6RPg&dib_tag=se&keywords=laptop&qid=1788691423&sr=8-150&xpid=sLKVI6PriDQ7N,10.0,0,1
B0GMPWKQNJ,"14 Zoll FHD Laptop,Celeron J4105 Quad-Core,8GB DDR4,256 GB SSD,Grau | WiFi,Bluetooth,Webcam,180° Scharnier,TF Card Slot,USB 3.0,Leichtes Notebook mit Netzteil & Muas für Geschäft und Studium",Rumtuk,274.96,3.7,4.0,Intel Core i5-10210U,8.0,256.0,Intel UHD Graphics,14.0,1920x1080,Windows 11 Home,QWERTZ,https://www.amazon.de/Rumtuk-Laptop-Celeron-J4105-Quad-Core/dp/B0GMPWKQNJ/ref=sr_1_151?dib=eyJ2IjoiMSJ9.spHt9Kj3iaSvY7N6nYkrR64mmUrJREgY7-uYfTWY67C2EL-PlMyTzIt50AfdHCnhFVpsNwfVhzYcZ2O2rOWsXKwabyxmEqV8RXiC5S8rKOb-W43ggSCVoQaaHzbu5ykYufhuD02Gv6wVxmYEN2y8NGuNKQVKpvwvijdk37oPG0vFangjRoJ1N5iGAyYc95IIeMsm_4OEbr3d0ke2TD6AwPdtn79cTEDhtpqSxurkkHQ.XNL219W30KPdgpqqkUYmRuUSGpx4b_gXbQmUOwO6RPg&dib_tag=se&keywords=laptop&qid=1788691423&sr=8-151&xpid=sLKVI6PriDQ7N,10.0,1,1
B0GPQMYCXN,"Dell 14 Plus Laptop - Intel Core Ultra 7 258V, 32GB RAM, 1TB SSD | 14"" entspiegelt, Intel Arc Grafik, Deutsch beleuchtete QWERTZ Tastatur, Fingerabdruckleser (Netzteil separat erhältlich)",Dell,1571.64,5.0,0.0,Intel Core Ultra 7 258V,32.0,1024.0,Intel Arc Graphics,14.0,2560x1600,Windows 11 Home,QWERTZ,https://www.amazon.de/Dell-14-Plus-Laptop-Intel/dp/B0GPQMYCXN/ref=sr_1_152?dib=eyJ2IjoiMSJ9.spHt9Kj3iaSvY7N6nYkrR64mmUrJREgY7-uYfTWY67C2EL-PlMyTzIt50AfdHCnhFVpsNwfVhzYcZ2O2rOWsXKwabyxmEqV8RXiC5S8rKOb-W43ggSCVoQaaHzbu5ykYufhuD02Gv6wVxmYEN2y8NGuNKQVKpvwvijdk37oPG0vFangjRoJ1N5iGAyYc95IIeMsm_4OEbr3d0ke2TD6AwPdtn79cTEDhtpqSxurkkHQ.XNL219W30KPdgpqqkUYmRuUSGpx4b_gXbQmUOwO6RPg&dib_tag=se&keywords=laptop&qid=1788691423&sr=8-152&xpid=sLKVI6PriDQ7N,10.0,0,0
B0H69PD57W,"HP EliteBook 840 G8, 14” FHD Display, Intel Core i7 1185G7, 32GB RAM, 512GB SSD, Webcam, Windows 11 Pro, Notebook Laptop (Generalüberholt)",Amazon Renewed,571.43,5.0,1.0,Intel Core i7-1185G7,32.0,512.0,Intel Iris Xe,14.0,1920x1080,Windows 11 Pro,QWERTZ,https://www.amazon.de/HP-EliteBook-Display-Notebook-General%C3%BCberholt/dp/B0H69PD57W/ref=sr_1_153?dib=eyJ2IjoiMSJ9.spHt9Kj3iaSvY7N6nYkrR64mmUrJREgY7-uYfTWY67C2EL-PlMyTzIt50AfdHCnhFVpsNwfVhzYcZ2O2rOWsXKwabyxmEqV8RXiC5S8rKOb-W43ggSCVoQaaHzbu5ykYufhuD02Gv6wVxmYEN2y8NGuNKQVKpvwvijdk37oPG0vFangjRoJ1N5iGAyYc95IIeMsm_4OEbr3d0ke2TD6AwPdtn79cTEDhtpqSxurkkHQ.XNL219W30KPdgpqqkUYmRuUSGpx4b_gXbQmUOwO6RPg&dib_tag=se&keywords=laptop&qid=1788691423&sr=8-153&xpid=sLKVI6PriDQ7N,10.0,0,0
B0GPVPW64R,"Acer Aspire 17, Laptop, Intel Core 5, 16GB RAM, 1TB SSD | 17"" FHD IPS Display, Intel Core 5 120U, 16GB RAM, 1TB SSD, Intel Grafik, Windows 11, QWERTZ Tastatur, A17-51M-55NU",Acer,558.53,4.0,1.0,Intel Core 5,16.0,1024.0,Intel UHD Graphics,17.3,1920x1080,Windows 11 Home,QWERTZ,https://www.amazon.de/Acer-Aspire-Laptop-Intel-Core/dp/B0GPVPW64R/ref=sr_1_155?dib=eyJ2IjoiMSJ9.spHt9Kj3iaSvY7N6nYkrR64mmUrJREgY7-uYfTWY67C2EL-PlMyTzIt50AfdHCnhFVpsNwfVhzYcZ2O2rOWsXKwabyxmEqV8RXiC5S8rKOb-W43ggSCVoQaaHzbu5ykYufhuD02Gv6wVxmYEN2y8NGuNKQVKpvwvijdk37oPG0vFangjRoJ1N5iGAyYc95IIeMsm_4OEbr3d0ke2TD6AwPdtn79cTEDhtpqSxurkkHQ.XNL219W30KPdgpqqkUYmRuUSGpx4b_gXbQmUOwO6RPg&dib_tag=se&keywords=laptop&qid=1788691423&sr=8-155&xpid=sLKVI6PriDQ7N,10.0,1,1
B0GKGWG1X6,"Dell 16 Laptop - AMD Ryzen 7 250, 16GB RAM, 1TB SSD | 16"" entspiegelt, AMD Radeon Grafik, Deutsch beleuchtete QWERTZ Tastatur, Fingerabdruckleser (Netzteil separat erhältlich)",Dell,652.2,5.0,0.0,AMD Ryzen 7 250,16.0,1024.0,AMD Radeon Graphics,16.0,2560x1440,Windows 11 Home,QWERTZ,https://www.amazon.de/Dell-Laptop-DC16255-Zoll-entspiegelt/dp/B0GKGWG1X6/ref=sr_1_156?dib=eyJ2IjoiMSJ9.spHt9Kj3iaSvY7N6nYkrR64mmUrJREgY7-uYfTWY67C2EL-PlMyTzIt50AfdHCnhFVpsNwfVhzYcZ2O2rOWsXKwabyxmEqV8RXiC5S8rKOb-W43ggSCVoQaaHzbu5ykYufhuD02Gv6wVxmYEN2y8NGuNKQVKpvwvijdk37oPG0vFangjRoJ1N5iGAyYc95IIeMsm_4OEbr3d0ke2TD6AwPdtn79cTEDhtpqSxurkkHQ.XNL219W30KPdgpqqkUYmRuUSGpx4b_gXbQmUOwO6RPg&dib_tag=se&keywords=laptop&qid=1788691423&sr=8-156&xpid=sLKVI6PriDQ7N,10.0,1,1
B0FV963R4L,"Acer Aspire 16 AI OLED, Laptop, Ultra 7, 32GB RAM, 1TB SSD | 16"" OLED Display, Intel Core Ultra 7 258V, 32GB RAM, 1TB SSD, Intel Arc 140V, Windows 11, QWERTZ Tastatur, A16-52M-75LW",Acer,1054.0,5.0,3.0,Intel Core Ultra 7,32.0,1024.0,Intel Arc Graphics,16.0,2048x1280,Windows 11 Home,QWERTZ,https://www.amazon.de/Acer-Aspire-OLED-Laptop-Ultra/dp/B0FV963R4L/ref=sr_1_157?dib=eyJ2IjoiMSJ9.spHt9Kj3iaSvY7N6nYkrR64mmUrJREgY7-uYfTWY67C2EL-PlMyTzIt50AfdHCnhFVpsNwfVhzYcZ2O2rOWsXKwabyxmEqV8RXiC5S8rKOb-W43ggSCVoQaaHzbu5ykYufhuD02Gv6wVxmYEN2y8NGuNKQVKpvwvijdk37oPG0vFangjRoJ1N5iGAyYc95IIeMsm_4OEbr3d0ke2TD6AwPdtn79cTEDhtpqSxurkkHQ.XNL219W30KPdgpqqkUYmRuUSGpx4b_gXbQmUOwO6RPg&dib_tag=se&keywords=laptop&qid=1788691423&sr=8-157&xpid=sLKVI6PriDQ7N,10.0,0,0
B0G71YJ3Z6,"Microsoft Surface Laptop, 15"" | Snapdragon X Elite | 16GB RAM, 512GB SSD | 15"" LCD Touchscreen | Copilot+ PC | Schwarz | Windows 11 Home | 7. Edition",Microsoft Surface,1331.04,4.1,5.0,Snapdragon X Elite,16.0,1024.0,Unknown,15.0,2496x1664,Windows 11 Home,QWERTZ,https://www.amazon.de/Microsoft-Netzteil-Touchscreen-Snapdragon%C2%AE-neuestes/dp/B0G71YJ3Z6/ref=sr_1_158?dib=eyJ2IjoiMSJ9.spHt9Kj3iaSvY7N6nYkrR64mmUrJREgY7-uYfTWY67C2EL-PlMyTzIt50AfdHCnhFVpsNwfVhzYcZ2O2rOWsXKwabyxmEqV8RXiC5S8rKOb-W43ggSCVoQaaHzbu5ykYufhuD02Gv6wVxmYEN2y8NGuNKQVKpvwvijdk37oPG0vFangjRoJ1N5iGAyYc95IIeMsm_4OEbr3d0ke2TD6AwPdtn79cTEDhtpqSxurkkHQ.XNL219W30KPdgpqqkUYmRuUSGpx4b_gXbQmUOwO6RPg&dib_tag=se&keywords=laptop&qid=1788691423&sr=8-158&xpid=sLKVI6PriDQ7N,10.0,1,1
B0C7CS2NXV,"2020 Microsoft Surface Laptop Go mit Intel Core i5-1035G1 (12,4-zoll, 16GB RAM, 256GB SSD) (QWERTY Englisch) Platin (Generalüberholt)",Amazon Renewed,261.13,3.5,35.0,Intel Core i5-1035G1,16.0,256.0,Unknown,12.4,1920x1080,Windows 11 Pro,QWERTZ,https://www.amazon.de/Microsoft-Surface-Generation-QWERTY-Tastatur-General%C3%BCberholt/dp/B0C7CS2NXV/ref=sr_1_159?dib=eyJ2IjoiMSJ9.spHt9Kj3iaSvY7N6nYkrR64mmUrJREgY7-uYfTWY67C2EL-PlMyTzIt50AfdHCnhFVpsNwfVhzYcZ2O2rOWsXKwabyxmEqV8RXiC5S8rKOb-W43ggSCVoQaaHzbu5ykYufhuD02Gv6wVxmYEN2y8NGuNKQVKpvwvijdk37oPG0vFangjRoJ1N5iGAyYc95IIeMsm_4OEbr3d0ke2TD6AwPdtn79cTEDhtpqSxurkkHQ.XNL219W30KPdgpqqkUYmRuUSGpx4b_gXbQmUOwO6RPg&dib_tag=se&keywords=laptop&qid=1788691423&sr=8-159&xpid=sLKVI6PriDQ7N,10.0,1,1
B0GVDZFJ5J,"Laptop, 14-Zoll-Display mit 2880 x 1800 QHD+-Auflösung, AMD Ryzen 7 H255 (8 Kerne/16 Threads, bis zu 4,9 GHz), 32GB LPDDR5 RAM,1 TB SSD(erweiterbar auf bis zu 8 TB) 99-Wh-Akku,Fingerabdrucksensor,Grau",FIREBAT,793.95,5.0,5.0,AMD Ryzen 7 H255,32.0,1024.0,AMD Radeon 780M,14.0,2880x1800,Unknown,Unknown,https://www.amazon.de/14-Zoll-Display-Aufl%C3%B6sung-erweiterbar-99-Wh-Akku-Fingerabdrucksensor/dp/B0GVDZFJ5J/ref=sr_1_160?dib=eyJ2IjoiMSJ9.spHt9Kj3iaSvY7N6nYkrR64mmUrJREgY7-uYfTWY67C2EL-PlMyTzIt50AfdHCnhFVpsNwfVhzYcZ2O2rOWsXKwabyxmEqV8RXiC5S8rKOb-W43ggSCVoQaaHzbu5ykYufhuD02Gv6wVxmYEN2y8NGuNKQVKpvwvijdk37oPG0vFangjRoJ1N5iGAyYc95IIeMsm_4OEbr3d0ke2TD6AwPdtn79cTEDhtpqSxurkkHQ.XNL219W30KPdgpqqkUYmRuUSGpx4b_gXbQmUOwO6RPg&dib_tag=se&keywords=laptop&qid=1788691423&sr=8-160&xpid=sLKVI6PriDQ7N,10.0,1,0
B0GWDS2L6S,"Microsoft Surface Laptop, 15"" | Snapdragon X2 Elite | 16GB RAM, 512GB SSD | 15"" LCD Touchscreen | Copilot+ PC | Schwarz | Windows 11 Home | Neuestes Modell (8. Edition)",Dell,1631.79,4.4,3.0,Snapdragon X,16.0,1024.0,Unknown,15.0,3270x2180,Windows 11,QWERTZ,https://www.amazon.de/Microsoft-Surface-Laptop-Snapdragon-Elite/dp/B0GWDS2L6S/ref=sr_1_161?dib=eyJ2IjoiMSJ9.bdceXEAyniCwQhUtkeyiUA8Y0rPI-KXCdMUUv6bAnE6PKXPB6k4pLU9doFwa9Qqk9QC0LDD1Am87c5brYQPGSWTxVdLYJZ6_3lRrL_k3EodGBwcEvQyShLNo7TzdgTErOKQtE6laIQ1614-QAwvkVe0lrUIa0racMJcQjo_Ma2NXn9df2x2iaER3fYlp-OgpK22TDvTdgS-DbhQbbjquLYE3NSabspHc8aREJCfgSCc.og3xwIfN9WkJ9UcIliqVbSQ2FvIfjrDNoKihKiJ1NDs&dib_tag=se&keywords=laptop&qid=1788691566&sr=8-161&xpid=sLKVI6PriDQ7N,11.0,1,1
B0HBJX18LQ,"Lenovo ThinkBook 16 Gen 8 Laptop, Intel Core Ultra 5 225U, 32 GB DDR5 RAM, 1 TB PCIe SSD, 16"" WUXGA IPS Display, Deutsches Tastatur-Layout, W11 Pro, Arctic Grau",Lenovo,1116.99,5.0,0.0,Intel Core Ultra 5,32.0,1024.0,AMD Radeon 820M,16.0,1920x1280,Windows 11 Pro,QWERTZ,https://www.amazon.de/Lenovo-ThinkBook-16-Gen-Tastatur-Layout/dp/B0HBJX18LQ/ref=sr_1_162?dib=eyJ2IjoiMSJ9.bdceXEAyniCwQhUtkeyiUA8Y0rPI-KXCdMUUv6bAnE6PKXPB6k4pLU9doFwa9Qqk9QC0LDD1Am87c5brYQPGSWTxVdLYJZ6_3lRrL_k3EodGBwcEvQyShLNo7TzdgTErOKQtE6laIQ1614-QAwvkVe0lrUIa0racMJcQjo_Ma2NXn9df2x2iaER3fYlp-OgpK22TDvTdgS-DbhQbbjquLYE3NSabspHc8aREJCfgSCc.og3xwIfN9WkJ9UcIliqVbSQ2FvIfjrDNoKihKiJ1NDs&dib_tag=se&keywords=laptop&qid=1788691566&sr=8-162&xpid=sLKVI6PriDQ7N,11.0,1,0
B0836C6P46,"Acer Aspire 17 (A17-51M-97HQ) Laptop, 17"" FHD IPS Display, Intel Core i9-13900H, 32 GB RAM, 1 TB SSD, Intel Iris Xe Grafik, Windows 11, QWERTZ Tastatur, grau",Acer,1192.0,4.8,22.0,Intel Core i9-13900H,32.0,512.0,Intel Iris Xe,17.3,1920x1080,Windows 11 Home,QWERTZ,https://www.amazon.de/acer-A17-51M-97HQ-Display-i9-13900H-Tastatur/dp/B0836C6P46/ref=sr_1_163?dib=eyJ2IjoiMSJ9.bdceXEAyniCwQhUtkeyiUA8Y0rPI-KXCdMUUv6bAnE6PKXPB6k4pLU9doFwa9Qqk9QC0LDD1Am87c5brYQPGSWTxVdLYJZ6_3lRrL_k3EodGBwcEvQyShLNo7TzdgTErOKQtE6laIQ1614-QAwvkVe0lrUIa0racMJcQjo_Ma2NXn9df2x2iaER3fYlp-OgpK22TDvTdgS-DbhQbbjquLYE3NSabspHc8aREJCfgSCc.og3xwIfN9WkJ9UcIliqVbSQ2FvIfjrDNoKihKiJ1NDs&dib_tag=se&keywords=laptop&qid=1788691566&sr=8-163&xpid=sLKVI6PriDQ7N,11.0,0,0
B0GK1D3Q7G,"Samsung Galaxy Book6 16 Zoll, Intel Core Ultra 7, 16 GB RAM, 512 GB | AI Laptop, Anti-Glare, Galaxy AI, Copilot+ PC, Gray, 3 Jahre Herstellergarantie [Exklusiv bei Amazon]",Samsung,1154.63,5.0,1.0,Intel Core Ultra 7,16.0,512.0,Integrated Graphics,16.0,1920x1200,Windows 11 Home,QWERTZ,https://www.amazon.de/Samsung-Galaxy-Book6-Zoll-Herstellergarantie/dp/B0GK1D3Q7G/ref=sr_1_164?dib=eyJ2IjoiMSJ9.bdceXEAyniCwQhUtkeyiUA8Y0rPI-KXCdMUUv6bAnE6PKXPB6k4pLU9doFwa9Qqk9QC0LDD1Am87c5brYQPGSWTxVdLYJZ6_3lRrL_k3EodGBwcEvQyShLNo7TzdgTErOKQtE6laIQ1614-QAwvkVe0lrUIa0racMJcQjo_Ma2NXn9df2x2iaER3fYlp-OgpK22TDvTdgS-DbhQbbjquLYE3NSabspHc8aREJCfgSCc.og3xwIfN9WkJ9UcIliqVbSQ2FvIfjrDNoKihKiJ1NDs&dib_tag=se&keywords=laptop&qid=1788691566&sr=8-164&xpid=sLKVI6PriDQ7N,11.0,1,1
B0GTWGHSC9,"Energizer EnergyBook 18,5 Zoll FHD Laptop (Intel P6500Y, RAM 8 GB, SSD 256 GB, Intel UHD Graphics 615, Win 11 Home) – QWERTY-Tastatur, grau",Energizer,378.39,3.8,4.0,Intel Pentium P6500Y,8.0,256.0,Intel UHD Graphics,18.5,1920x1080,Windows 11 Home,QWERTY,https://www.amazon.de/Energizer-EnergyBook-Laptop-P6500Y-Graphics/dp/B0GTWGHSC9/ref=sr_1_165?dib=eyJ2IjoiMSJ9.bdceXEAyniCwQhUtkeyiUA8Y0rPI-KXCdMUUv6bAnE6PKXPB6k4pLU9doFwa9Qqk9QC0LDD1Am87c5brYQPGSWTxVdLYJZ6_3lRrL_k3EodGBwcEvQyShLNo7TzdgTErOKQtE6laIQ1614-QAwvkVe0lrUIa0racMJcQjo_Ma2NXn9df2x2iaER3fYlp-OgpK22TDvTdgS-DbhQbbjquLYE3NSabspHc8aREJCfgSCc.og3xwIfN9WkJ9UcIliqVbSQ2FvIfjrDNoKihKiJ1NDs&dib_tag=se&keywords=laptop&qid=1788691566&sr=8-165&xpid=sLKVI6PriDQ7N,11.0,1,0
B0F5Z5JTTD,"Lenovo Yoga 7 2in1 | Laptop | Ryzen AI 7 | 16GB | 512GB | 65W Netzteil | CoPilot+PC|14"" WUXGA Display|OLED|Touch|AMD Ryzen AI 7 350|16GB RAM|512GB SSD |AMD Radeon 860M|QWERTZ|Windows 11|Tidal Teal",Lenovo,1041.25,4.3,46.0,AMD Ryzen AI 7,16.0,512.0,AMD Radeon 860M,14.0,1920x1200,Windows 11 Home,QWERTZ,https://www.amazon.de/Lenovo-Laptop-Copilot-Premium-Exklusiv/dp/B0F5Z5JTTD/ref=sr_1_166?dib=eyJ2IjoiMSJ9.bdceXEAyniCwQhUtkeyiUA8Y0rPI-KXCdMUUv6bAnE6PKXPB6k4pLU9doFwa9Qqk9QC0LDD1Am87c5brYQPGSWTxVdLYJZ6_3lRrL_k3EodGBwcEvQyShLNo7TzdgTErOKQtE6laIQ1614-QAwvkVe0lrUIa0racMJcQjo_Ma2NXn9df2x2iaER3fYlp-OgpK22TDvTdgS-DbhQbbjquLYE3NSabspHc8aREJCfgSCc.og3xwIfN9WkJ9UcIliqVbSQ2FvIfjrDNoKihKiJ1NDs&dib_tag=se&keywords=laptop&qid=1788691566&sr=8-166&xpid=sLKVI6PriDQ7N,11.0,0,1
B0DXVSQXBQ,"LG gram Pro 16 16Z90TS-G.AU89G (16 Zoll) IPS Notebook, Intel Core Ultra 7 258V, Intel Arc™ Graphics 140V, 16GB RAM, 1TB SSD, federleicht (1,239 kg), gram AI, Copilot+ PC, 77 Wh, Thunderbolt 4, Schwarz",LG,1167.78,4.1,17.0,Intel Core 7,16.0,1024.0,Intel Arc Graphics,16.0,2560x1600,Windows 11 Home,QWERTZ,https://www.amazon.de/LG-Notebook-40-6cm-Garantie-16Z90TS-G-AU89G/dp/B0DXVSQXBQ/ref=sr_1_167?dib=eyJ2IjoiMSJ9.bdceXEAyniCwQhUtkeyiUA8Y0rPI-KXCdMUUv6bAnE6PKXPB6k4pLU9doFwa9Qqk9QC0LDD1Am87c5brYQPGSWTxVdLYJZ6_3lRrL_k3EodGBwcEvQyShLNo7TzdgTErOKQtE6laIQ1614-QAwvkVe0lrUIa0racMJcQjo_Ma2NXn9df2x2iaER3fYlp-OgpK22TDvTdgS-DbhQbbjquLYE3NSabspHc8aREJCfgSCc.og3xwIfN9WkJ9UcIliqVbSQ2FvIfjrDNoKihKiJ1NDs&dib_tag=se&keywords=laptop&qid=1788691566&sr=8-167&xpid=sLKVI6PriDQ7N,11.0,1,1
B0FR4R4XJN,TULPAR T6 V3.5.1 Gaming Laptop | 16'' FHD+ 1920X1200 165HZ IPS LED-Display | Intel Core i7 14700HX | 32 GB RAM | 1 TB SSD | RTX 5060 | Windows 11 Gaming Notebook,TULPAR,1365.41,4.1,14.0,Intel Core i7-14700HX,32.0,1024.0,NVIDIA GeForce RTX 5060,17.0,1920x1200,Windows 11 Home,QWERTZ,https://www.amazon.de/TULPAR-T6-1920X1200-LED-Display-Notebook/dp/B0FR4R4XJN/ref=sr_1_168?dib=eyJ2IjoiMSJ9.bdceXEAyniCwQhUtkeyiUA8Y0rPI-KXCdMUUv6bAnE6PKXPB6k4pLU9doFwa9Qqk9QC0LDD1Am87c5brYQPGSWTxVdLYJZ6_3lRrL_k3EodGBwcEvQyShLNo7TzdgTErOKQtE6laIQ1614-QAwvkVe0lrUIa0racMJcQjo_Ma2NXn9df2x2iaER3fYlp-OgpK22TDvTdgS-DbhQbbjquLYE3NSabspHc8aREJCfgSCc.og3xwIfN9WkJ9UcIliqVbSQ2FvIfjrDNoKihKiJ1NDs&dib_tag=se&keywords=laptop&qid=1788691566&sr=8-168&xpid=sLKVI6PriDQ7N,11.0,1,0
B0GMQHW2WC,"Lenovo IdeaPad Pro 5 Laptop | Copilot+ PC | 16"" 2.8K WQXGA OLED Display | AMD Ryzen AI 9 465 | 32GB RAM | 1TB SSD | AMD Radeon 880M Grafik | Windows 11 | QWERTZ | Grau | 3 Monate Premium Care",Lenovo,1528.68,4.0,1.0,AMD Ryzen AI 9 465,32.0,1024.0,AMD Radeon 880M,16.0,2560x1440,Windows 11,QWERTZ,https://www.amazon.de/Lenovo-IdeaPad-Copilot-Display-Windows/dp/B0GMQHW2WC/ref=sr_1_169?dib=eyJ2IjoiMSJ9.bdceXEAyniCwQhUtkeyiUA8Y0rPI-KXCdMUUv6bAnE6PKXPB6k4pLU9doFwa9Qqk9QC0LDD1Am87c5brYQPGSWTxVdLYJZ6_3lRrL_k3EodGBwcEvQyShLNo7TzdgTErOKQtE6laIQ1614-QAwvkVe0lrUIa0racMJcQjo_Ma2NXn9df2x2iaER3fYlp-OgpK22TDvTdgS-DbhQbbjquLYE3NSabspHc8aREJCfgSCc.og3xwIfN9WkJ9UcIliqVbSQ2FvIfjrDNoKihKiJ1NDs&dib_tag=se&keywords=laptop&qid=1788691566&sr=8-169&xpid=sLKVI6PriDQ7N,11.0,1,0
B0BBKYTKXR,ACER Chromebook 314 (CB314-6H-35T7) Laptop 14 Zoll | Intel Core i3 | 8 GB RAM | 128 GB eMMC | ChromeOS,Acer,335.62,4.2,19.0,Intel Core 3,8.0,128.0,Intel UHD Graphics,14.0,1920x1080,CHROME OS,AZERTY,https://www.amazon.de/Chromebook-CB314-6H-35T7-Laptop-Intel-ChromeOS/dp/B0BBKYTKXR/ref=sr_1_170?dib=eyJ2IjoiMSJ9.bdceXEAyniCwQhUtkeyiUA8Y0rPI-KXCdMUUv6bAnE6PKXPB6k4pLU9doFwa9Qqk9QC0LDD1Am87c5brYQPGSWTxVdLYJZ6_3lRrL_k3EodGBwcEvQyShLNo7TzdgTErOKQtE6laIQ1614-QAwvkVe0lrUIa0racMJcQjo_Ma2NXn9df2x2iaER3fYlp-OgpK22TDvTdgS-DbhQbbjquLYE3NSabspHc8aREJCfgSCc.og3xwIfN9WkJ9UcIliqVbSQ2FvIfjrDNoKihKiJ1NDs&dib_tag=se&keywords=laptop&qid=1788691566&sr=8-170&xpid=sLKVI6PriDQ7N,11.0,1,1
B0FS1HF8LN,"CYCLUS 15,6"" Laptop R7 5825U (8C/16T bis 4,5 GHz), 32GB RAM, 1TB SSD | Für Profis, Kreative & leichtes Gaming, Vega 8, Tastatur mit Hintergrundbeleuchtung, QWERTZ-Tastaturfolie inklusive",CYCLUS,600.64,4.0,22.0,AMD Ryzen 7 5825U,32.0,1024.0,AMD Radeon Vega,15.6,1920x1080,Windows 11 Pro,QWERTZ,https://www.amazon.de/CYCLUS-Laptop-Profis-Kreative-leichtes/dp/B0FS1HF8LN/ref=sr_1_171?dib=eyJ2IjoiMSJ9.bdceXEAyniCwQhUtkeyiUA8Y0rPI-KXCdMUUv6bAnE6PKXPB6k4pLU9doFwa9Qqk9QC0LDD1Am87c5brYQPGSWTxVdLYJZ6_3lRrL_k3EodGBwcEvQyShLNo7TzdgTErOKQtE6laIQ1614-QAwvkVe0lrUIa0racMJcQjo_Ma2NXn9df2x2iaER3fYlp-OgpK22TDvTdgS-DbhQbbjquLYE3NSabspHc8aREJCfgSCc.og3xwIfN9WkJ9UcIliqVbSQ2FvIfjrDNoKihKiJ1NDs&dib_tag=se&keywords=laptop&qid=1788691566&sr=8-171&xpid=sLKVI6PriDQ7N,11.0,1,0
B0F4T5265W,"Gigabyte AERO X16 Gaming Laptop - 16.0“, 165Hz WQXGA, AMD Ryzen AI 7 350, NVIDIA RTX 5070, 32GB DDR5 5600MHz, 1TB Gen4 SSD, Win 11 Home, Copilot+ PC, AERO X16 1WH93DEC64AH",Gigabyte,1717.72,4.7,2.0,AMD Ryzen AI 7,32.0,1000.0,NVIDIA GeForce RTX 5070,16.0,2560x1600,Windows 11 Home,Unknown,https://www.amazon.de/Gigabyte-AERO-X16-Gaming-Laptop/dp/B0F4T5265W/ref=sr_1_172?dib=eyJ2IjoiMSJ9.bdceXEAyniCwQhUtkeyiUA8Y0rPI-KXCdMUUv6bAnE6PKXPB6k4pLU9doFwa9Qqk9QC0LDD1Am87c5brYQPGSWTxVdLYJZ6_3lRrL_k3EodGBwcEvQyShLNo7TzdgTErOKQtE6laIQ1614-QAwvkVe0lrUIa0racMJcQjo_Ma2NXn9df2x2iaER3fYlp-OgpK22TDvTdgS-DbhQbbjquLYE3NSabspHc8aREJCfgSCc.og3xwIfN9WkJ9UcIliqVbSQ2FvIfjrDNoKihKiJ1NDs&dib_tag=se&keywords=laptop&qid=1788691566&sr=8-172&xpid=sLKVI6PriDQ7N,11.0,1,0
B0CYQ4PK7X,"HUAWEI MateBook X Pro Core Ultra, 980 g Ultraleicht hautberuhigende Metallgehäuse, Intel Core Ultra 9 Prozessor, 14,2 Zoll OLED Real Colour Display, 32GB + 2TB, Morandi Blue",HUAWEI,712.35,4.4,17.0,Intel Core Ultra 9,32.0,2048.0,Intel Arc Graphics,14.2,3120x2080,Windows 11 Pro,QWERTY,https://www.amazon.de/HUAWEI-Ultraleicht-hautberuhigende-Metallgeh%C3%A4use-Prozessor/dp/B0CYQ4PK7X/ref=sr_1_173?dib=eyJ2IjoiMSJ9.bdceXEAyniCwQhUtkeyiUA8Y0rPI-KXCdMUUv6bAnE6PKXPB6k4pLU9doFwa9Qqk9QC0LDD1Am87c5brYQPGSWTxVdLYJZ6_3lRrL_k3EodGBwcEvQyShLNo7TzdgTErOKQtE6laIQ1614-QAwvkVe0lrUIa0racMJcQjo_Ma2NXn9df2x2iaER3fYlp-OgpK22TDvTdgS-DbhQbbjquLYE3NSabspHc8aREJCfgSCc.og3xwIfN9WkJ9UcIliqVbSQ2FvIfjrDNoKihKiJ1NDs&dib_tag=se&keywords=laptop&qid=1788691566&sr=8-173&xpid=sLKVI6PriDQ7N,11.0,0,1
B0GJPNF8DR,"Acer Aspire 16 AI OLED, Laptop, Ultra 5, 16GB RAM, 512GB SSD | 16"" OLED Display, Intel Core Ultra 5 226V, 16GB RAM, 512GB, Intel Arc 130V, Windows 11, QWERTZ Tastatur, A16-52M-55DS",Acer,772.5,5.0,0.0,Intel Core Ultra 5,16.0,512.0,Intel Arc Graphics,16.0,1920x1200,Windows 11 Home,QWERTZ,https://www.amazon.de/Acer-Aspire-Laptop-Ultra-512GB/dp/B0GJPNF8DR/ref=sr_1_174?dib=eyJ2IjoiMSJ9.bdceXEAyniCwQhUtkeyiUA8Y0rPI-KXCdMUUv6bAnE6PKXPB6k4pLU9doFwa9Qqk9QC0LDD1Am87c5brYQPGSWTxVdLYJZ6_3lRrL_k3EodGBwcEvQyShLNo7TzdgTErOKQtE6laIQ1614-QAwvkVe0lrUIa0racMJcQjo_Ma2NXn9df2x2iaER3fYlp-OgpK22TDvTdgS-DbhQbbjquLYE3NSabspHc8aREJCfgSCc.og3xwIfN9WkJ9UcIliqVbSQ2FvIfjrDNoKihKiJ1NDs&dib_tag=se&keywords=laptop&qid=1788691566&sr=8-174&xpid=sLKVI6PriDQ7N,11.0,0,0
B0FNR87M5B,"Acer Aspire 17 | Laptop | Intel Core 7 | 16GB | 1TB | QWERTY | 17"" FHD IPS Display | Intel Core 7 150U | 16 GB RAM | 1 TB SSD | Intel Grafik | Windows 11 | QWERTY Tastatur | A17-51M-76CR",Acer,732.04,4.6,0.0,Intel Core 7,16.0,1024.0,Intel Iris Xe,17.3,1920x1080,Windows 11 Home,QWERTY,https://www.amazon.de/Acer-Aspire-Laptop-Intel-QWERTY/dp/B0FNR87M5B/ref=sr_1_175?dib=eyJ2IjoiMSJ9.bdceXEAyniCwQhUtkeyiUA8Y0rPI-KXCdMUUv6bAnE6PKXPB6k4pLU9doFwa9Qqk9QC0LDD1Am87c5brYQPGSWTxVdLYJZ6_3lRrL_k3EodGBwcEvQyShLNo7TzdgTErOKQtE6laIQ1614-QAwvkVe0lrUIa0racMJcQjo_Ma2NXn9df2x2iaER3fYlp-OgpK22TDvTdgS-DbhQbbjquLYE3NSabspHc8aREJCfgSCc.og3xwIfN9WkJ9UcIliqVbSQ2FvIfjrDNoKihKiJ1NDs&dib_tag=se&keywords=laptop&qid=1788691566&sr=8-175&xpid=sLKVI6PriDQ7N,11.0,1,0
B0DNF8PNS7,"MEDION SPRCHRGD 14 S1 35,56 cm (14"" Zoll 120Hz 2.8K WQXGA+) Laptop (Copilot+ PC, Qualcomm Snapdragon X Plus, 16GB DDR5 RAM, 512GB SSD, Win 11 Home)",MEDION,617.77,3.0,1.0,Intel Core 7 150U,16.0,512.0,Unknown,14.0,2880x1800,Windows 11 Home,QWERTZ,https://www.amazon.de/MEDION-SPRCHRGD-Copilot-Qualcomm-Snapdragon/dp/B0DNF8PNS7/ref=sr_1_176?dib=eyJ2IjoiMSJ9.bdceXEAyniCwQhUtkeyiUA8Y0rPI-KXCdMUUv6bAnE6PKXPB6k4pLU9doFwa9Qqk9QC0LDD1Am87c5brYQPGSWTxVdLYJZ6_3lRrL_k3EodGBwcEvQyShLNo7TzdgTErOKQtE6laIQ1614-QAwvkVe0lrUIa0racMJcQjo_Ma2NXn9df2x2iaER3fYlp-OgpK22TDvTdgS-DbhQbbjquLYE3NSabspHc8aREJCfgSCc.og3xwIfN9WkJ9UcIliqVbSQ2FvIfjrDNoKihKiJ1NDs&dib_tag=se&keywords=laptop&qid=1788691566&sr=8-176&xpid=sLKVI6PriDQ7N,11.0,1,1
B0CP476MZ9,"HP Laptop mit 17,3"" FHD Display, AMD Ryzen 5 7520U, 16GB DDR5 RAM, 512 GB SSD, AMD Radeon-Grafik, Windows 11, QWERTZ, Silber inkl. 25 GB Dropbox-Speicher für 12 Monate",HP,556.67,4.2,22.0,AMD Ryzen 5 7520U,16.0,512.0,NVIDIA GeForce RTX 4070,17.3,1920x1080,Windows 11 Home,QWERTZ,https://www.amazon.de/HP-Display-Radeon-Grafik-Windows-Dropbox-Speicher/dp/B0CP476MZ9/ref=sr_1_177?dib=eyJ2IjoiMSJ9.4S711NNxaf_I9AYc-Y5BHP14gBs3WKKBaq0M2TLe56SXZuvFHSmlTba7joTxqnFRBhVEVM5X4e_fA-9QrPK86c_cFduOVFu_CnkRpXLxoUjKSkDZv6fGFp7MupKOYeuCux-HFXlbHwUj1ivWl6-cSE1cHTp97OKvwj4RX7HnjgTt7W1JXisdkczdBiULxnJBxtNysfNEFOm3dqNKN9fjR5HhsdFP1Ve0qbaDAHB7I1k.OWYQ-5Q9NPP9vvVb4zPCPvXpW5TwsJhX4nfWnuLWvvQ&dib_tag=se&keywords=laptop&qid=1788691664&sr=8-177&xpid=sLKVI6PriDQ7N,12.0,1,1
B0F7LC6XHB,"acer Aspire Laptop, 14 Zoll WUXGA Touch IPS Display, Intel Ultra 5-226V, 8 Kerne, 16GB LPDDR5X RAM, 512GB PCIE SSD, BK, AI Copilot+PC, Webcam, Windows 11 Home, TWE Mauspad",Acer,562.56,3.9,9.0,Intel Core Ultra 9 285H,16.0,512.0,Intel Arc 130V,14.0,1920x1200,Windows 11,QWERTZ,https://www.amazon.de/acer-Display-Intel-LPDDR5X-Copilot/dp/B0F7LC6XHB/ref=sr_1_178?dib=eyJ2IjoiMSJ9.4S711NNxaf_I9AYc-Y5BHP14gBs3WKKBaq0M2TLe56SXZuvFHSmlTba7joTxqnFRBhVEVM5X4e_fA-9QrPK86c_cFduOVFu_CnkRpXLxoUjKSkDZv6fGFp7MupKOYeuCux-HFXlbHwUj1ivWl6-cSE1cHTp97OKvwj4RX7HnjgTt7W1JXisdkczdBiULxnJBxtNysfNEFOm3dqNKN9fjR5HhsdFP1Ve0qbaDAHB7I1k.OWYQ-5Q9NPP9vvVb4zPCPvXpW5TwsJhX4nfWnuLWvvQ&dib_tag=se&keywords=laptop&qid=1788691664&sr=8-178&xpid=sLKVI6PriDQ7N,12.0,1,1
B0CD2PG64B,"Lenovo IdeaPad Slim 3i Laptop | 14"" Full HD Display | Intel Core i5-12450H | 16GB RAM | 512GB SSD | Intel UHD Grafik | Win11 Home | QWERTZ | grau | 3 Monate Premium Care",Lenovo,622.21,4.3,121.0,Intel Core i5-12450H,16.0,512.0,Intel UHD Graphics,14.0,1920x1080,Windows 11 Home,QWERTZ,https://www.amazon.de/Lenovo-IdeaPad-Display-i5-12450H-Premium/dp/B0CD2PG64B/ref=sr_1_179?dib=eyJ2IjoiMSJ9.4S711NNxaf_I9AYc-Y5BHP14gBs3WKKBaq0M2TLe56SXZuvFHSmlTba7joTxqnFRBhVEVM5X4e_fA-9QrPK86c_cFduOVFu_CnkRpXLxoUjKSkDZv6fGFp7MupKOYeuCux-HFXlbHwUj1ivWl6-cSE1cHTp97OKvwj4RX7HnjgTt7W1JXisdkczdBiULxnJBxtNysfNEFOm3dqNKN9fjR5HhsdFP1Ve0qbaDAHB7I1k.OWYQ-5Q9NPP9vvVb4zPCPvXpW5TwsJhX4nfWnuLWvvQ&dib_tag=se&keywords=laptop&qid=1788691664&sr=8-179&xpid=sLKVI6PriDQ7N,12.0,1,0
B0G1FZ5F8N,"CYCLUS 16"" Laptop für Studenten, Büro & Kreative – AMD Ryzen 5 3500U (4C/8T 3,7 GHz), 16GB RAM, 512GB SSD, Vega 8, USB-C, Tastatur mit Hintergrundbeleuchtung + QWERTZ-Tastaturfolie inklusive",CYCLUS,368.64,3.4,6.0,AMD Ryzen 5 3500U,16.0,512.0,Vega 8,16.0,1920x1080,Windows 11 Pro,QWERTZ,https://www.amazon.de/CYCLUS-Laptop-Studenten-Kreative-Hintergrundbeleuchtung/dp/B0G1FZ5F8N/ref=sr_1_180?dib=eyJ2IjoiMSJ9.4S711NNxaf_I9AYc-Y5BHP14gBs3WKKBaq0M2TLe56SXZuvFHSmlTba7joTxqnFRBhVEVM5X4e_fA-9QrPK86c_cFduOVFu_CnkRpXLxoUjKSkDZv6fGFp7MupKOYeuCux-HFXlbHwUj1ivWl6-cSE1cHTp97OKvwj4RX7HnjgTt7W1JXisdkczdBiULxnJBxtNysfNEFOm3dqNKN9fjR5HhsdFP1Ve0qbaDAHB7I1k.OWYQ-5Q9NPP9vvVb4zPCPvXpW5TwsJhX4nfWnuLWvvQ&dib_tag=se&keywords=laptop&qid=1788691664&sr=8-180&xpid=sLKVI6PriDQ7N,12.0,1,0
B0DDCRR1QS,"Lenovo IdeaPad Slim 5 Laptop | 14"" OLED Display | Intel Core i7-13620H | 16GB RAM | 512GB SSD | Intel Grafik | Windows 11 Home | QWERTZ | grau | 3 Monate Premium Care",Lenovo,759.03,4.3,41.0,Intel Core i7-13620H,16.0,512.0,AMD Radeon 860M,14.0,1920x1200,Windows 11 Home,QWERTZ,https://www.amazon.de/Lenovo-IdeaPad-Display-i7-13620H-Windows/dp/B0DDCRR1QS/ref=sr_1_181?dib=eyJ2IjoiMSJ9.4S711NNxaf_I9AYc-Y5BHP14gBs3WKKBaq0M2TLe56SXZuvFHSmlTba7joTxqnFRBhVEVM5X4e_fA-9QrPK86c_cFduOVFu_CnkRpXLxoUjKSkDZv6fGFp7MupKOYeuCux-HFXlbHwUj1ivWl6-cSE1cHTp97OKvwj4RX7HnjgTt7W1JXisdkczdBiULxnJBxtNysfNEFOm3dqNKN9fjR5HhsdFP1Ve0qbaDAHB7I1k.OWYQ-5Q9NPP9vvVb4zPCPvXpW5TwsJhX4nfWnuLWvvQ&dib_tag=se&keywords=laptop&qid=1788691664&sr=8-181&xpid=sLKVI6PriDQ7N,12.0,1,1
B0GMJ2QZRT,"Samsung Galaxy Book6 Touch 16 Zoll, Intel Core Ultra 7, 16 GB RAM, 512 GB | Touchscreen Display, AI Laptop, Anti-Glare, Galaxy AI, Copilot+ PC, Gray, 3 Jahre Herstellergarantie [Exklusiv bei Amazon]",Samsung,1245.11,5.0,0.0,Intel Core Ultra 7,16.0,512.0,Integrated Graphics,16.0,1920x1200,Windows 11 Home,QWERTZ,https://www.amazon.de/Samsung-Galaxy-Book6-Touch-Herstellergarantie/dp/B0GMJ2QZRT/ref=sr_1_182?dib=eyJ2IjoiMSJ9.4S711NNxaf_I9AYc-Y5BHP14gBs3WKKBaq0M2TLe56SXZuvFHSmlTba7joTxqnFRBhVEVM5X4e_fA-9QrPK86c_cFduOVFu_CnkRpXLxoUjKSkDZv6fGFp7MupKOYeuCux-HFXlbHwUj1ivWl6-cSE1cHTp97OKvwj4RX7HnjgTt7W1JXisdkczdBiULxnJBxtNysfNEFOm3dqNKN9fjR5HhsdFP1Ve0qbaDAHB7I1k.OWYQ-5Q9NPP9vvVb4zPCPvXpW5TwsJhX4nfWnuLWvvQ&dib_tag=se&keywords=laptop&qid=1788691664&sr=8-182&xpid=sLKVI6PriDQ7N,12.0,1,1
B0GLYXT4RF,"Acer Aspire 16 AI OLED, Laptop, Ultra 9, 32GB RAM, 1TB SSD | 16"" OLED Display, Intel Core Ultra 9 288V, 32GB RAM, 1TB SSD, Intel Arc 140V, Windows 11, QWERTZ Tastatur, A16-52M-916J",Acer,1035.44,5.0,0.0,Intel Core Ultra 9,32.0,1024.0,Intel Arc Graphics,16.0,1920x1200,Windows 11 Home,QWERTZ,https://www.amazon.de/Acer-Aspire-OLED-Laptop-Ultra/dp/B0GLYXT4RF/ref=sr_1_183?dib=eyJ2IjoiMSJ9.4S711NNxaf_I9AYc-Y5BHP14gBs3WKKBaq0M2TLe56SXZuvFHSmlTba7joTxqnFRBhVEVM5X4e_fA-9QrPK86c_cFduOVFu_CnkRpXLxoUjKSkDZv6fGFp7MupKOYeuCux-HFXlbHwUj1ivWl6-cSE1cHTp97OKvwj4RX7HnjgTt7W1JXisdkczdBiULxnJBxtNysfNEFOm3dqNKN9fjR5HhsdFP1Ve0qbaDAHB7I1k.OWYQ-5Q9NPP9vvVb4zPCPvXpW5TwsJhX4nfWnuLWvvQ&dib_tag=se&keywords=laptop&qid=1788691664&sr=8-183&xpid=sLKVI6PriDQ7N,12.0,0,0
B0GR57VS6T,"Gaming Laptop – 16 Zoll FHD Display Laptop mit AMD Ryzen 7 H255-Prozessor (Besser als I7-11800H) mit bis zu 4,9 GHz, 16 GB RAM DDR5 4800 MHz, 512 GB SSD, Gaming Notebook mit hintergrundbeleuc",Tivique,699.99,4.2,22.0,AMD Ryzen 7 H255,16.0,512.0,AMD Radeon 780M,16.1,1920x1200,Windows 11 Pro,QWERTY,https://www.amazon.de/Tivique-Gaming-Laptop-H255-Prozessor-hintergrundbeleuc/dp/B0GR57VS6T/ref=sr_1_184?dib=eyJ2IjoiMSJ9.4S711NNxaf_I9AYc-Y5BHP14gBs3WKKBaq0M2TLe56SXZuvFHSmlTba7joTxqnFRBhVEVM5X4e_fA-9QrPK86c_cFduOVFu_CnkRpXLxoUjKSkDZv6fGFp7MupKOYeuCux-HFXlbHwUj1ivWl6-cSE1cHTp97OKvwj4RX7HnjgTt7W1JXisdkczdBiULxnJBxtNysfNEFOm3dqNKN9fjR5HhsdFP1Ve0qbaDAHB7I1k.OWYQ-5Q9NPP9vvVb4zPCPvXpW5TwsJhX4nfWnuLWvvQ&dib_tag=se&keywords=laptop&qid=1788691664&sr=8-184&xpid=sLKVI6PriDQ7N,12.0,0,0
B0GMKQMG41,"ASUS ExpertBook BM1 | 15,6"" FHD | Ryzen 7 170 | RAM: 32GB | SSD: 2TB | Laptop in Gentle Grey | beleuchtete Tastatur | Windows 11 Pro | Office 2024 Pro | Notebooktasche",ASUS,850.0,5.0,1.0,AMD Ryzen 7 170,32.0,2048.0,AMD Radeon 680M,15.6,1920x1080,Windows 11 Pro,QWERTZ,https://www.amazon.de/ASUS-ExpertBook-BM1-FHD-Ryzen/dp/B0GMKQMG41/ref=sr_1_185?dib=eyJ2IjoiMSJ9.4S711NNxaf_I9AYc-Y5BHP14gBs3WKKBaq0M2TLe56SXZuvFHSmlTba7joTxqnFRBhVEVM5X4e_fA-9QrPK86c_cFduOVFu_CnkRpXLxoUjKSkDZv6fGFp7MupKOYeuCux-HFXlbHwUj1ivWl6-cSE1cHTp97OKvwj4RX7HnjgTt7W1JXisdkczdBiULxnJBxtNysfNEFOm3dqNKN9fjR5HhsdFP1Ve0qbaDAHB7I1k.OWYQ-5Q9NPP9vvVb4zPCPvXpW5TwsJhX4nfWnuLWvvQ&dib_tag=se&keywords=laptop&qid=1788691664&sr=8-185&xpid=sLKVI6PriDQ7N,12.0,0,0
B0H5PTG2TF,"FIREBAT 16-Zoll-Gaming-Laptop, Ryzen 7 H255 Octa-Core (bis zu 4,9 GHz), 32 GB LPDDR5, 1 TB SSD, QHD-Display mit 2,5K-Auflösung und 120 Hz, WLAN 6, hintergrundbeleuchtete Tastatur, Metallgehäuse",FIREBAT,723.52,4.4,85.0,Intel Core i7-13800H,32.0,1024.0,AMD Radeon 780M,16.0,2560x1600,Unknown,Unknown,https://www.amazon.de/FIREBAT-16-Zoll-Gaming-Laptop-5K-Aufl%C3%B6sung-hintergrundbeleuchtete-Metallgeh%C3%A4use/dp/B0H5PTG2TF/ref=sr_1_186?dib=eyJ2IjoiMSJ9.4S711NNxaf_I9AYc-Y5BHP14gBs3WKKBaq0M2TLe56SXZuvFHSmlTba7joTxqnFRBhVEVM5X4e_fA-9QrPK86c_cFduOVFu_CnkRpXLxoUjKSkDZv6fGFp7MupKOYeuCux-HFXlbHwUj1ivWl6-cSE1cHTp97OKvwj4RX7HnjgTt7W1JXisdkczdBiULxnJBxtNysfNEFOm3dqNKN9fjR5HhsdFP1Ve0qbaDAHB7I1k.OWYQ-5Q9NPP9vvVb4zPCPvXpW5TwsJhX4nfWnuLWvvQ&dib_tag=se&keywords=laptop&qid=1788691664&sr=8-186&xpid=sLKVI6PriDQ7N,12.0,1,0
B0GGRVPFRX,"Acer Extensa 15 Business Laptop, Core Ultra 5, 16GB RAM, 512GB SSD | 15,6"" FHD IPS Display, Intel Core Ultra 5 115U, 16GB RAM, 512GB SSD, Intel Grafik, Windows 11 Pro, EXO15-51-573X",Acer,571.84,5.0,3.0,Intel Core Ultra 5,16.0,2048.0,Intel Graphics,15.6,1920x1080,Windows 11 Pro,QWERTY,https://www.amazon.de/Acer-NX-EK8EG-001-Extensa-EXO15-51-573X/dp/B0GGRVPFRX/ref=sr_1_187?dib=eyJ2IjoiMSJ9.4S711NNxaf_I9AYc-Y5BHP14gBs3WKKBaq0M2TLe56SXZuvFHSmlTba7joTxqnFRBhVEVM5X4e_fA-9QrPK86c_cFduOVFu_CnkRpXLxoUjKSkDZv6fGFp7MupKOYeuCux-HFXlbHwUj1ivWl6-cSE1cHTp97OKvwj4RX7HnjgTt7W1JXisdkczdBiULxnJBxtNysfNEFOm3dqNKN9fjR5HhsdFP1Ve0qbaDAHB7I1k.OWYQ-5Q9NPP9vvVb4zPCPvXpW5TwsJhX4nfWnuLWvvQ&dib_tag=se&keywords=laptop&qid=1788691664&sr=8-187&xpid=sLKVI6PriDQ7N,12.0,1,0
B0GPWBDZL1,"Acer Aspire 17, Laptop, Intel Core 7, 16GB RAM, 1TB SSD | 17"" FHD IPS Display, Intel Core 7 150U, 16GB RAM, 512GB SSD, Intel Grafik, Windows 11, QWERTZ Tastatur, A17-51M-70AS",Acer,790.55,4.8,2.0,Intel Core 7,16.0,1024.0,AMD Radeon 780M,17.3,1920x1080,Windows 11 Home,QWERTZ,https://www.amazon.de/Acer-Aspire-Laptop-Intel-Core/dp/B0GPWBDZL1/ref=sr_1_189?dib=eyJ2IjoiMSJ9.4S711NNxaf_I9AYc-Y5BHP14gBs3WKKBaq0M2TLe56SXZuvFHSmlTba7joTxqnFRBhVEVM5X4e_fA-9QrPK86c_cFduOVFu_CnkRpXLxoUjKSkDZv6fGFp7MupKOYeuCux-HFXlbHwUj1ivWl6-cSE1cHTp97OKvwj4RX7HnjgTt7W1JXisdkczdBiULxnJBxtNysfNEFOm3dqNKN9fjR5HhsdFP1Ve0qbaDAHB7I1k.OWYQ-5Q9NPP9vvVb4zPCPvXpW5TwsJhX4nfWnuLWvvQ&dib_tag=se&keywords=laptop&qid=1788691664&sr=8-189&xpid=sLKVI6PriDQ7N,12.0,1,1
B0F38Q1245,"2021 Microsoft Surface Laptop 4 mit Intel Core i7-1185G7 (13,5-zoll, 32GB RAM, 1TB SSD) (QWERTY Englisch) Silber (Generalüberholt)",Amazon Renewed,487.12,3.1,4.0,Intel Core i7-1185G7,32.0,1000.0,Unknown,13.5,2256x1504,Windows 11,QWERTZ,https://www.amazon.de/Microsoft-Surface-i7-1185G7-Englisch-General%C3%BCberholt/dp/B0F38Q1245/ref=sr_1_190?dib=eyJ2IjoiMSJ9.4S711NNxaf_I9AYc-Y5BHP14gBs3WKKBaq0M2TLe56SXZuvFHSmlTba7joTxqnFRBhVEVM5X4e_fA-9QrPK86c_cFduOVFu_CnkRpXLxoUjKSkDZv6fGFp7MupKOYeuCux-HFXlbHwUj1ivWl6-cSE1cHTp97OKvwj4RX7HnjgTt7W1JXisdkczdBiULxnJBxtNysfNEFOm3dqNKN9fjR5HhsdFP1Ve0qbaDAHB7I1k.OWYQ-5Q9NPP9vvVb4zPCPvXpW5TwsJhX4nfWnuLWvvQ&dib_tag=se&keywords=laptop&qid=1788691664&sr=8-190&xpid=sLKVI6PriDQ7N,12.0,1,1
B0FQP8HJM1,"Gigabyte Gaming A18 Laptop - 18“, 165Hz WQXGA, AMD Ryzen 7 260, RTX 5060, 32GB DDR5 5600MHz, 1TB Gen4 SSD, Windows 11 Home, 2 Jahre Garantie, Dolby Atmos, Gaming A18 3VHK3DEC64SH",Gigabyte,1374.0,4.5,1.0,AMD Ryzen 7 260,32.0,1000.0,NVIDIA GeForce RTX 5060,18.0,2560x1600,Windows 11 Home,Unknown,https://www.amazon.de/Gigabyte-Gaming-A18-Laptop-3VHK3DEC64SH/dp/B0FQP8HJM1/ref=sr_1_191?dib=eyJ2IjoiMSJ9.4S711NNxaf_I9AYc-Y5BHP14gBs3WKKBaq0M2TLe56SXZuvFHSmlTba7joTxqnFRBhVEVM5X4e_fA-9QrPK86c_cFduOVFu_CnkRpXLxoUjKSkDZv6fGFp7MupKOYeuCux-HFXlbHwUj1ivWl6-cSE1cHTp97OKvwj4RX7HnjgTt7W1JXisdkczdBiULxnJBxtNysfNEFOm3dqNKN9fjR5HhsdFP1Ve0qbaDAHB7I1k.OWYQ-5Q9NPP9vvVb4zPCPvXpW5TwsJhX4nfWnuLWvvQ&dib_tag=se&keywords=laptop&qid=1788691664&sr=8-191&xpid=sLKVI6PriDQ7N,12.0,1,0
B0FBG2NT8T,"Blackview Acebook 6 Laptop 15,6 Zoll für Unternehmen Studierende, Quad-Core N150(Besser N95) bis zu 3.6GHz, 16GB RAM 256GB SSD Notebook, FHD IPS Display Augenschutz, 100W Type-C, 4K HDMI, Bluetooth",Blackview,360.89,3.4,19.0,Intel Core 7,32.0,512.0,AMD Radeon 610M,15.6,1920x1080,Windows 11 Home,QWERTY,https://www.amazon.de/Blackview-Unternehmen-Studierende-Quad-Core-Augenschutz/dp/B0FBG2NT8T/ref=sr_1_192?dib=eyJ2IjoiMSJ9.4S711NNxaf_I9AYc-Y5BHP14gBs3WKKBaq0M2TLe56SXZuvFHSmlTba7joTxqnFRBhVEVM5X4e_fA-9QrPK86c_cFduOVFu_CnkRpXLxoUjKSkDZv6fGFp7MupKOYeuCux-HFXlbHwUj1ivWl6-cSE1cHTp97OKvwj4RX7HnjgTt7W1JXisdkczdBiULxnJBxtNysfNEFOm3dqNKN9fjR5HhsdFP1Ve0qbaDAHB7I1k.OWYQ-5Q9NPP9vvVb4zPCPvXpW5TwsJhX4nfWnuLWvvQ&dib_tag=se&keywords=laptop&qid=1788691664&sr=8-192&xpid=sLKVI6PriDQ7N,12.0,1,0
B0H8Q5XKFZ,"Lenovo ThinkBook 16 Gen 8 IAL Business Laptop, Intel Core Ultra 7 255H, 32 GB DDR5 RAM, 1 TB PCIe SSD, 16"" WUXGA IPS Display, Deutsches Tastatur-Layout, W11 Pro, Arctic Grau",Lenovo,1331.89,5.0,1.0,Intel Core Ultra 7 255H,32.0,1024.0,Intel Arc 140T,16.0,1920x1200,Windows 11 Pro,QWERTZ,https://www.amazon.de/Lenovo-ThinkBook-Gen-IAL-Tastatur-Layout/dp/B0H8Q5XKFZ/ref=sr_1_193?dib=eyJ2IjoiMSJ9.T8QNtPTPt054VdpOhX95p3cD-e86hxCgCvaXXaBB5zCS342pEpkb8CKJgGJFpeC0FC9NWd4FSzsfFmnp6tkxbOCi4RFBJmDAxbuuE-P3BYAGPzYX0DKiAXqfi0UD8UErNQjfu_eM477X3IHJyMZkSc30mpeWMNFU_gZoZf8puLDuJwtcMoFq-GKQDwNwMToHfjqgL-XEb938Aason5J7dx09CV6gRpKBPFmKAB4Au_s.vZWuMi-LwHhzkcunloDczvZ9U2rOFbDZFhWD4TfUC5I&dib_tag=se&keywords=laptop&qid=1788691781&sr=8-193&xpid=sLKVI6PriDQ7N,13.0,1,1
B0CX5LKWMZ,"Acer Aspire 3 A315-59-36TH 15,6"" ComfyView™ FHD IPS (matt) / Intel® Core™ i3-1215U / 8 GB DDR4 RAM / 512 GB SSD/Intel® UHD Graphics/Windows 11 Home (64 Bit) / Pure Silver",Acer,489.79,4.5,75.0,Intel Core i3-1215U,8.0,512.0,Intel UHD Graphics,15.6,1920x1080,Windows 11,QWERTZ,https://www.amazon.de/Acer-A315-59-36TH-i3-1215U-Graphics-Tastatur/dp/B0CX5LKWMZ/ref=sr_1_194?dib=eyJ2IjoiMSJ9.T8QNtPTPt054VdpOhX95p3cD-e86hxCgCvaXXaBB5zCS342pEpkb8CKJgGJFpeC0FC9NWd4FSzsfFmnp6tkxbOCi4RFBJmDAxbuuE-P3BYAGPzYX0DKiAXqfi0UD8UErNQjfu_eM477X3IHJyMZkSc30mpeWMNFU_gZoZf8puLDuJwtcMoFq-GKQDwNwMToHfjqgL-XEb938Aason5J7dx09CV6gRpKBPFmKAB4Au_s.vZWuMi-LwHhzkcunloDczvZ9U2rOFbDZFhWD4TfUC5I&dib_tag=se&keywords=laptop&qid=1788691781&sr=8-194&xpid=sLKVI6PriDQ7N,13.0,0,1
B0CXJHT9CP,MSI Laptop 17HX-689 17 Zoll 32 GB RAM 1 TB SSD NVIDIA GeForce RTX 4080,MSI,2322.23,5.0,1.0,Intel Core Ultra 9 275HX,32.0,1024.0,NVIDIA GeForce RTX 4080,17.0,1920x1080,Windows 11 Pro,QWERTY,https://www.amazon.de/MSI-Laptop-17HX-689-NVIDIA-GeForce/dp/B0CXJHT9CP/ref=sr_1_195?dib=eyJ2IjoiMSJ9.T8QNtPTPt054VdpOhX95p3cD-e86hxCgCvaXXaBB5zCS342pEpkb8CKJgGJFpeC0FC9NWd4FSzsfFmnp6tkxbOCi4RFBJmDAxbuuE-P3BYAGPzYX0DKiAXqfi0UD8UErNQjfu_eM477X3IHJyMZkSc30mpeWMNFU_gZoZf8puLDuJwtcMoFq-GKQDwNwMToHfjqgL-XEb938Aason5J7dx09CV6gRpKBPFmKAB4Au_s.vZWuMi-LwHhzkcunloDczvZ9U2rOFbDZFhWD4TfUC5I&dib_tag=se&keywords=laptop&qid=1788691781&sr=8-195&xpid=sLKVI6PriDQ7N,13.0,1,1
B0BRCVH2NB,"Acer TravelMate P2 | 15,6"" FHD | Core 5 120U | RAM: 16GB | SSD: 500GB | Laptop in Pure Silver | beleuchtete Tastatur | Windows 11 Pro | Notebooktasche",Acer,650.0,5.0,0.0,Intel Core 5 120U,16.0,500.0,Unknown,15.6,1920x1080,Windows 11 Pro,QWERTZ,https://www.amazon.de/Acer-TravelMate-FHD-Core-120U/dp/B0BRCVH2NB/ref=sr_1_196?dib=eyJ2IjoiMSJ9.T8QNtPTPt054VdpOhX95p3cD-e86hxCgCvaXXaBB5zCS342pEpkb8CKJgGJFpeC0FC9NWd4FSzsfFmnp6tkxbOCi4RFBJmDAxbuuE-P3BYAGPzYX0DKiAXqfi0UD8UErNQjfu_eM477X3IHJyMZkSc30mpeWMNFU_gZoZf8puLDuJwtcMoFq-GKQDwNwMToHfjqgL-XEb938Aason5J7dx09CV6gRpKBPFmKAB4Au_s.vZWuMi-LwHhzkcunloDczvZ9U2rOFbDZFhWD4TfUC5I&dib_tag=se&keywords=laptop&qid=1788691781&sr=8-196&xpid=sLKVI6PriDQ7N,13.0,1,0
B0F8NN9W9H,"ACEMAGIC 18,5 Zoll Laptop,Twin Lake N150 (bis zu 3,6 GHz),8000mAh,16 GB DDR4 512 GB SSD bis zu 2 TB, 1920 x 1080 IPS Full HD Laptop, BT5.0, HDMI, Typ-C, 180° Öffnen und Schließen",ACEMAGIC,412.44,3.9,58.0,AMD Ryzen 7 7730U,16.0,512.0,Intel UHD Graphics,18.5,1920x1080,Windows 11,QWERTZ,https://www.amazon.de/ACEMAGIC-Laptop-N150-8000mAh-Schlie%C3%9Fen/dp/B0F8NN9W9H/ref=sr_1_197?dib=eyJ2IjoiMSJ9.T8QNtPTPt054VdpOhX95p3cD-e86hxCgCvaXXaBB5zCS342pEpkb8CKJgGJFpeC0FC9NWd4FSzsfFmnp6tkxbOCi4RFBJmDAxbuuE-P3BYAGPzYX0DKiAXqfi0UD8UErNQjfu_eM477X3IHJyMZkSc30mpeWMNFU_gZoZf8puLDuJwtcMoFq-GKQDwNwMToHfjqgL-XEb938Aason5J7dx09CV6gRpKBPFmKAB4Au_s.vZWuMi-LwHhzkcunloDczvZ9U2rOFbDZFhWD4TfUC5I&dib_tag=se&keywords=laptop&qid=1788691781&sr=8-197&xpid=sLKVI6PriDQ7N,13.0,1,0
B0CY9JS49F,"Dell XPS 16 9640 Laptop 16.3 Inch OLED UHD+ Touch Display, Intel Evo Edition – Intel Core Ultra 9, NVIDIA GeForce RTX 4070 Graphics, 32GB RAM, 1TB, Windows 11 Home, Fingerprint Reader, German Keyboard",Dell,3092.58,3.4,14.0,Intel Core Ultra 9,32.0,512.0,NVIDIA GeForce RTX 4070,16.3,2400x1600,Windows 11 Home,AZERTY,https://www.amazon.de/Dell-Laptop-Touch-Display-Intel/dp/B0CY9JS49F/ref=sr_1_199?dib=eyJ2IjoiMSJ9.T8QNtPTPt054VdpOhX95p3cD-e86hxCgCvaXXaBB5zCS342pEpkb8CKJgGJFpeC0FC9NWd4FSzsfFmnp6tkxbOCi4RFBJmDAxbuuE-P3BYAGPzYX0DKiAXqfi0UD8UErNQjfu_eM477X3IHJyMZkSc30mpeWMNFU_gZoZf8puLDuJwtcMoFq-GKQDwNwMToHfjqgL-XEb938Aason5J7dx09CV6gRpKBPFmKAB4Au_s.vZWuMi-LwHhzkcunloDczvZ9U2rOFbDZFhWD4TfUC5I&dib_tag=se&keywords=laptop&qid=1788691781&sr=8-199&xpid=sLKVI6PriDQ7N,13.0,1,1
B0H29MQ52G,"Energizer EnergyBook 15,6 Zoll FHD Laptop (Intel P6500Y, RAM 4 GB, SSD 128 GB, Intel UHD Graphics 615, Win 11 Home) – QWERTY-Tastatur, grau",Energizer,239.87,4.8,0.0,AMD Ryzen 3 7320U,4.0,128.0,Intel UHD Graphics,15.6,1920x1080,Windows 11 Home,QWERTZ,https://www.amazon.de/Energizer-EnergyBook-Laptop-P6500Y-Graphics/dp/B0H29MQ52G/ref=sr_1_200?dib=eyJ2IjoiMSJ9.T8QNtPTPt054VdpOhX95p3cD-e86hxCgCvaXXaBB5zCS342pEpkb8CKJgGJFpeC0FC9NWd4FSzsfFmnp6tkxbOCi4RFBJmDAxbuuE-P3BYAGPzYX0DKiAXqfi0UD8UErNQjfu_eM477X3IHJyMZkSc30mpeWMNFU_gZoZf8puLDuJwtcMoFq-GKQDwNwMToHfjqgL-XEb938Aason5J7dx09CV6gRpKBPFmKAB4Au_s.vZWuMi-LwHhzkcunloDczvZ9U2rOFbDZFhWD4TfUC5I&dib_tag=se&keywords=laptop&qid=1788691781&sr=8-200&xpid=sLKVI6PriDQ7N,13.0,1,1
B0CYQ4Q821,"HUAWEI MateBook 14 Laptop,14.2"" 2,8 K OLED Handschrift-Bildschirm mit Touchsteuerung, Ultraschlankes Design, Intel Core Ultra 5, 16GB+512GB, 19Hr Continuous Video Playback, Windows 11 Home, Space Grau",HUAWEI,695.98,4.5,48.0,Intel Core Ultra 5,16.0,512.0,Intel Iris Xe,14.2,2560x1440,Windows 11 Home,QWERTZ,https://www.amazon.de/HUAWEI-Handschrift-Bildschirm-Touchsteuerung-Ultraschlankes-Processors/dp/B0CYQ4Q821/ref=sr_1_201_mod_primary_new?dib=eyJ2IjoiMSJ9.T8QNtPTPt054VdpOhX95p3cD-e86hxCgCvaXXaBB5zCS342pEpkb8CKJgGJFpeC0FC9NWd4FSzsfFmnp6tkxbOCi4RFBJmDAxbuuE-P3BYAGPzYX0DKiAXqfi0UD8UErNQjfu_eM477X3IHJyMZkSc30mpeWMNFU_gZoZf8puLDuJwtcMoFq-GKQDwNwMToHfjqgL-XEb938Aason5J7dx09CV6gRpKBPFmKAB4Au_s.vZWuMi-LwHhzkcunloDczvZ9U2rOFbDZFhWD4TfUC5I&dib_tag=se&keywords=laptop&qid=1788691781&sr=8-201&xpid=sLKVI6PriDQ7N,13.0,1,1
B0DZP526ZG,"LG gram 17 17Z90TL-G.AU79G (17 Zoll) IPS Notebook, Intel Core Ultra 7 256V, 16GB RAM, 1TB SSD, Intel Arc 140V, federleicht (1,389 kg), gram AI, 77 Wh, Thunderbolt 4, Grau",LG,1099.03,3.9,13.0,Intel Core Ultra 7 256V,16.0,1024.0,Intel Arc Graphics,17.0,2560x1600,Windows 11,QWERTZ,https://www.amazon.de/LG-Windows-Prozessor-LPDDR5x-17Z90TL-G-AU79G/dp/B0DZP526ZG/ref=sr_1_202?dib=eyJ2IjoiMSJ9.T8QNtPTPt054VdpOhX95p3cD-e86hxCgCvaXXaBB5zCS342pEpkb8CKJgGJFpeC0FC9NWd4FSzsfFmnp6tkxbOCi4RFBJmDAxbuuE-P3BYAGPzYX0DKiAXqfi0UD8UErNQjfu_eM477X3IHJyMZkSc30mpeWMNFU_gZoZf8puLDuJwtcMoFq-GKQDwNwMToHfjqgL-XEb938Aason5J7dx09CV6gRpKBPFmKAB4Au_s.vZWuMi-LwHhzkcunloDczvZ9U2rOFbDZFhWD4TfUC5I&dib_tag=se&keywords=laptop&qid=1788691781&sr=8-202&xpid=sLKVI6PriDQ7N,13.0,1,0
B0GFP5QXD7,"HP 17 Business Laptop, Intel Core i5-120U, 16 GB DDR4 RAM, 512 GB PCIe SSD, 17.3"" FHD (1920x1080) Display, Intel Graphics, QWERTZ Tastatur, Windows 11 Pro, Silber",HP,652.2,5.0,2.0,Intel Core 5 120U,16.0,512.0,Intel UHD Graphics,17.3,1920x1080,Windows 11 Pro,QWERTZ,https://www.amazon.de/HP-17-Business-1920x1080-Graphics/dp/B0GFP5QXD7/ref=sr_1_204?dib=eyJ2IjoiMSJ9.T8QNtPTPt054VdpOhX95p3cD-e86hxCgCvaXXaBB5zCS342pEpkb8CKJgGJFpeC0FC9NWd4FSzsfFmnp6tkxbOCi4RFBJmDAxbuuE-P3BYAGPzYX0DKiAXqfi0UD8UErNQjfu_eM477X3IHJyMZkSc30mpeWMNFU_gZoZf8puLDuJwtcMoFq-GKQDwNwMToHfjqgL-XEb938Aason5J7dx09CV6gRpKBPFmKAB4Au_s.vZWuMi-LwHhzkcunloDczvZ9U2rOFbDZFhWD4TfUC5I&dib_tag=se&keywords=laptop&qid=1788691781&sr=8-204&xpid=sLKVI6PriDQ7N,13.0,1,0
B0BW8LWTNM,"Acer Swift Edge 14 AI | Laptop | Ultra 9 | 32GB | 1TB | mit Netzteil | 14"" OLED 120Hz Touch-Display matt| Intel Core Ultra 9 288V| 32GB RAM| 1TB SSD | Arc 140V | Windows 11 |QWERTZ |SFE14-51T-97C4",Acer,1582.18,3.8,2.0,Intel Core Ultra 9 288V,32.0,1024.0,Intel Arc Graphics,14.0,2880x1800,Windows 11 Home,QWERTZ,https://www.amazon.de/Acer-Swift-Laptop-Ultra-Netzteil/dp/B0BW8LWTNM/ref=sr_1_206?dib=eyJ2IjoiMSJ9.T8QNtPTPt054VdpOhX95p3cD-e86hxCgCvaXXaBB5zCS342pEpkb8CKJgGJFpeC0FC9NWd4FSzsfFmnp6tkxbOCi4RFBJmDAxbuuE-P3BYAGPzYX0DKiAXqfi0UD8UErNQjfu_eM477X3IHJyMZkSc30mpeWMNFU_gZoZf8puLDuJwtcMoFq-GKQDwNwMToHfjqgL-XEb938Aason5J7dx09CV6gRpKBPFmKAB4Au_s.vZWuMi-LwHhzkcunloDczvZ9U2rOFbDZFhWD4TfUC5I&dib_tag=se&keywords=laptop&qid=1788691781&sr=8-206&xpid=sLKVI6PriDQ7N,13.0,0,1
B0H6M7Z7L6,"Acer Aspire 16 AI OLED, Laptop, Ryzen AI 7, 32GB RAM, 1TB SSD | 16"" OLED Display, AMD Ryzen Al 7 350, 32GB RAM, 1TB SSD, Radeon 820M, Windows 11, QWERTZ Tastatur, A16-61M-R2R1",Acer,1029.0,4.8,0.0,Intel Core Ultra 9 185H,32.0,1024.0,AMD Radeon 860M,16.0,1920x1200,Windows 11 Home,QWERTZ,https://www.amazon.de/Acer-Aspire-OLED-Laptop-Ryzen/dp/B0H6M7Z7L6/ref=sr_1_207?dib=eyJ2IjoiMSJ9.T8QNtPTPt054VdpOhX95p3cD-e86hxCgCvaXXaBB5zCS342pEpkb8CKJgGJFpeC0FC9NWd4FSzsfFmnp6tkxbOCi4RFBJmDAxbuuE-P3BYAGPzYX0DKiAXqfi0UD8UErNQjfu_eM477X3IHJyMZkSc30mpeWMNFU_gZoZf8puLDuJwtcMoFq-GKQDwNwMToHfjqgL-XEb938Aason5J7dx09CV6gRpKBPFmKAB4Au_s.vZWuMi-LwHhzkcunloDczvZ9U2rOFbDZFhWD4TfUC5I&dib_tag=se&keywords=laptop&qid=1788691781&sr=8-207&xpid=sLKVI6PriDQ7N,13.0,1,1
B081D7N31K,"MSI Prestige 14 A10SC-009 (35,6 cm/14 Zoll/4K-UHD/100% Adobe RGB) Creator Laptop (Intel Core i7-10710U, 16GB RAM, 1TB PCIe SSD, Nvidia GeForce GTX1650 4GB, Windows 10 Pro)",MSI,554.37,3.5,7.0,Intel Core i7-10710U,16.0,1024.0,NVIDIA GeForce GTX 1650,14.0,3840x2160,Windows 10 Pro,QWERTZ,https://www.amazon.de/MSI-Prestige-A10SC-009-Creator-i7-10710U/dp/B081D7N31K/ref=sr_1_211?dib=eyJ2IjoiMSJ9.flzdewwNppkAK5xQ--goJD0uQ3FmLrcxyukOHkjtJhoKIce-LGGSsOxgY-_x5rSFliigKq9ODxGT-LcHre1sTbW8GEDgvV04qlwGwHpTxqN7yRd3Fn6PkxMfbdjUPWiz91ekUQIowM8gocQQ6ML1ICXxHZqHF1FB2zq8ZuhSIboGjIpSOgL3R9i3Xteg_vLKhqIrUDc4ZUER4X4n-ivBbuTl3tapjxlvbfpuI4JG_6M.wc0wY80MvdI6UICmCrc1_iRqBgL9BX2eiuBMGBMB6-s&dib_tag=se&keywords=laptop&qid=1788691890&sr=8-211&xpid=sLKVI6PriDQ7N,14.0,1,1
B0F191D3C9,"acer Nitro V 15 ANV15-52 Gaming-Laptop, 39,6 cm (15,6 Zoll), Full HD (Intel Core i7-13620H, 16 GB RAM, 512 GB SSD, NVIDIA GeForce RTX 5050, ohne Betriebssystem), Schwarz, spanische QWERTY-Tastatur",Acer,1117.08,3.5,12.0,Intel Core i7-13620H,16.0,512.0,NVIDIA GeForce RTX 5050,15.6,1920x1080,Unknown,QWERTY,https://www.amazon.de/ANV15-52-Gaming-Laptop-i7-13620H-Betriebssystem-QWERTY-Tastatur/dp/B0F191D3C9/ref=sr_1_212?dib=eyJ2IjoiMSJ9.flzdewwNppkAK5xQ--goJD0uQ3FmLrcxyukOHkjtJhoKIce-LGGSsOxgY-_x5rSFliigKq9ODxGT-LcHre1sTbW8GEDgvV04qlwGwHpTxqN7yRd3Fn6PkxMfbdjUPWiz91ekUQIowM8gocQQ6ML1ICXxHZqHF1FB2zq8ZuhSIboGjIpSOgL3R9i3Xteg_vLKhqIrUDc4ZUER4X4n-ivBbuTl3tapjxlvbfpuI4JG_6M.wc0wY80MvdI6UICmCrc1_iRqBgL9BX2eiuBMGBMB6-s&dib_tag=se&keywords=laptop&qid=1788691890&sr=8-212&xpid=sLKVI6PriDQ7N,14.0,1,0
B0GPRPQY2L,"Dell 16 Plus Laptop - Intel Core Ultra 7 256V, 16GB RAM, 512GB SSD | 16"" 2K Touch, Intel Arc Grafik, beleuchtete QWERTZ Tastatur, Fingerabdruckleser, Copilot+ (Netzteil separat erhältlich)",Dell,1176.37,5.0,6.0,Intel Core Ultra 7 256V,16.0,512.0,Intel Arc Graphics,16.0,1920x1200,Windows 11 Home,QWERTZ,https://www.amazon.de/Dell-16-Plus-Laptop-Intel/dp/B0GPRPQY2L/ref=sr_1_213?dib=eyJ2IjoiMSJ9.flzdewwNppkAK5xQ--goJD0uQ3FmLrcxyukOHkjtJhoKIce-LGGSsOxgY-_x5rSFliigKq9ODxGT-LcHre1sTbW8GEDgvV04qlwGwHpTxqN7yRd3Fn6PkxMfbdjUPWiz91ekUQIowM8gocQQ6ML1ICXxHZqHF1FB2zq8ZuhSIboGjIpSOgL3R9i3Xteg_vLKhqIrUDc4ZUER4X4n-ivBbuTl3tapjxlvbfpuI4JG_6M.wc0wY80MvdI6UICmCrc1_iRqBgL9BX2eiuBMGBMB6-s&dib_tag=se&keywords=laptop&qid=1788691890&sr=8-213&xpid=sLKVI6PriDQ7N,14.0,0,1
B086ZT99K7,"ASUS TUF Gaming F17 Laptop | 17,3"" Full-HD 16:9 IPS Display | Intel Core i7-13620H | 16 GB RAM | 1 TB SSD | NVIDIA RTX 4060 | Windows 11 | QWERTZ Tastatur| Mecha Grey",ASUS,1030.29,4.6,84.0,Intel Core i7-13620H,16.0,1024.0,NVIDIA GeForce RTX 4060,17.0,1920x1080,Windows 11 Home,QWERTZ,https://www.amazon.de/ASUS-TUF-Gaming-Laptop-Full-HD/dp/B086ZT99K7/ref=sr_1_214?dib=eyJ2IjoiMSJ9.flzdewwNppkAK5xQ--goJD0uQ3FmLrcxyukOHkjtJhoKIce-LGGSsOxgY-_x5rSFliigKq9ODxGT-LcHre1sTbW8GEDgvV04qlwGwHpTxqN7yRd3Fn6PkxMfbdjUPWiz91ekUQIowM8gocQQ6ML1ICXxHZqHF1FB2zq8ZuhSIboGjIpSOgL3R9i3Xteg_vLKhqIrUDc4ZUER4X4n-ivBbuTl3tapjxlvbfpuI4JG_6M.wc0wY80MvdI6UICmCrc1_iRqBgL9BX2eiuBMGBMB6-s&dib_tag=se&keywords=laptop&qid=1788691890&sr=8-214&xpid=sLKVI6PriDQ7N,14.0,1,0
B0GWDZGCFL,"Microsoft Surface Laptop, 13.8"" | Snapdragon X2 Elite | 16GB RAM, 512GB SSD | 13.8"" LCD Touchscreen | Copilot+ PC | Jade | Windows 11 Home | Neuestes Modell (8. Edition)",Microsoft Surface,1331.04,4.4,5.0,Snapdragon X,16.0,512.0,Unknown,13.8,Unknown,Unknown,Unknown,,14.0,0,0
B0F2JND8YY,"Microsoft Surface Laptop 7 Copilot+ PC Platinum 15"" Touch Snapdragon® X Elite 16GB 512GB W11P",Microsoft Surface,1331.04,5.0,0.0,Snapdragon X Elite,16.0,512.0,Unknown,15.0,2496x1664,Windows 11 Pro,Unknown,https://www.amazon.de/Microsoft-Surface-Copilot-Platinum-Snapdragon%C2%AE/dp/B0F2JND8YY/ref=sr_1_216?dib=eyJ2IjoiMSJ9.flzdewwNppkAK5xQ--goJD0uQ3FmLrcxyukOHkjtJhoKIce-LGGSsOxgY-_x5rSFliigKq9ODxGT-LcHre1sTbW8GEDgvV04qlwGwHpTxqN7yRd3Fn6PkxMfbdjUPWiz91ekUQIowM8gocQQ6ML1ICXxHZqHF1FB2zq8ZuhSIboGjIpSOgL3R9i3Xteg_vLKhqIrUDc4ZUER4X4n-ivBbuTl3tapjxlvbfpuI4JG_6M.wc0wY80MvdI6UICmCrc1_iRqBgL9BX2eiuBMGBMB6-s&dib_tag=se&keywords=laptop&qid=1788691890&sr=8-216&xpid=sLKVI6PriDQ7N,14.0,1,1
B0GG4KB6R9,"ASUS ExpertBook P1 | 15,6"" FHD | Core 5 210H | RAM: 32GB | SSD: 500GB | Laptop in Misty Grey | Windows 11 Pro | Notebooktasche",ASUS,599.0,5.0,0.0,Intel Core 5 210H,32.0,500.0,Unknown,15.6,1920x1080,Windows 11 Pro,QWERTZ,https://www.amazon.de/ASUS-ExpertBook-FHD-Core-210H/dp/B0GG4KB6R9/ref=sr_1_218?dib=eyJ2IjoiMSJ9.flzdewwNppkAK5xQ--goJD0uQ3FmLrcxyukOHkjtJhoKIce-LGGSsOxgY-_x5rSFliigKq9ODxGT-LcHre1sTbW8GEDgvV04qlwGwHpTxqN7yRd3Fn6PkxMfbdjUPWiz91ekUQIowM8gocQQ6ML1ICXxHZqHF1FB2zq8ZuhSIboGjIpSOgL3R9i3Xteg_vLKhqIrUDc4ZUER4X4n-ivBbuTl3tapjxlvbfpuI4JG_6M.wc0wY80MvdI6UICmCrc1_iRqBgL9BX2eiuBMGBMB6-s&dib_tag=se&keywords=laptop&qid=1788691890&sr=8-218&xpid=sLKVI6PriDQ7N,14.0,1,0
B0DSGBG8DQ,"Lenovo Yoga Slim 9i | Laptop | Intel Ultra 7 | 32GB | 1TB | 65W Netzteil | CoPilot+PC|14"" 4K WQUXGA Display |OLED|Touch|Intel Core Ultra 7 258V|32GB RAM|1TB SSD|Intel Arc|QWERTZ|Windows 11|Tidal Teal",Lenovo,1975.51,4.2,4.0,Intel Core Ultra 7 258V,32.0,1024.0,Intel Arc Graphics,14.0,3840x2400,Windows 11 Home,QWERTZ,https://www.amazon.de/Lenovo-CoPilot-Display-Windows-Premium/dp/B0DSGBG8DQ/ref=sr_1_219?dib=eyJ2IjoiMSJ9.flzdewwNppkAK5xQ--goJD0uQ3FmLrcxyukOHkjtJhoKIce-LGGSsOxgY-_x5rSFliigKq9ODxGT-LcHre1sTbW8GEDgvV04qlwGwHpTxqN7yRd3Fn6PkxMfbdjUPWiz91ekUQIowM8gocQQ6ML1ICXxHZqHF1FB2zq8ZuhSIboGjIpSOgL3R9i3Xteg_vLKhqIrUDc4ZUER4X4n-ivBbuTl3tapjxlvbfpuI4JG_6M.wc0wY80MvdI6UICmCrc1_iRqBgL9BX2eiuBMGBMB6-s&dib_tag=se&keywords=laptop&qid=1788691890&sr=8-219&xpid=sLKVI6PriDQ7N,14.0,0,1
B0GRV9LRCZ,"HP ZBook Firefly 14 G9 Workstation Laptop, 14 Zoll FHD Display, Intel Core i5-1250P, 16GB RAM, 512GB SSD, US QWERTY Tastatur, Windows 11 Pro (erneuert)",HP,385.82,2.5,2.0,Intel Core i5,16.0,512.0,Intel UHD Graphics,14.0,1920x1080,Windows 11 pro,QWERTZ,https://www.amazon.de/HP-ZBook-Firefly-14-Workstation/dp/B0GRV9LRCZ/ref=sr_1_220?dib=eyJ2IjoiMSJ9.flzdewwNppkAK5xQ--goJD0uQ3FmLrcxyukOHkjtJhoKIce-LGGSsOxgY-_x5rSFliigKq9ODxGT-LcHre1sTbW8GEDgvV04qlwGwHpTxqN7yRd3Fn6PkxMfbdjUPWiz91ekUQIowM8gocQQ6ML1ICXxHZqHF1FB2zq8ZuhSIboGjIpSOgL3R9i3Xteg_vLKhqIrUDc4ZUER4X4n-ivBbuTl3tapjxlvbfpuI4JG_6M.wc0wY80MvdI6UICmCrc1_iRqBgL9BX2eiuBMGBMB6-s&dib_tag=se&keywords=laptop&qid=1788691890&sr=8-220&xpid=sLKVI6PriDQ7N,14.0,1,1
B0F4J4M82X,"Gigabyte Gaming A16 CWH Gaming-Laptop - 16,0“, 165Hz WQXGA, Intel Core i7-13620H, NVIDIA RTX 5070, 16GB DDR5 5200MHz, 1TB Gen4 SSD, Win 11 Home, 2 Jahre Garantie, Dolby Atmos, Gaming A16 CWHI3DEC94SH",Gigabyte,1214.98,4.7,7.0,Intel Core i7-13620H,16.0,1000.0,NVIDIA GeForce RTX 5070,16.0,2560x1600,Windows 11 Home,Unknown,https://www.amazon.de/Gigabyte-Gaming-A16-CWH-Gaming-Laptop/dp/B0F4J4M82X/ref=sr_1_222?dib=eyJ2IjoiMSJ9.flzdewwNppkAK5xQ--goJD0uQ3FmLrcxyukOHkjtJhoKIce-LGGSsOxgY-_x5rSFliigKq9ODxGT-LcHre1sTbW8GEDgvV04qlwGwHpTxqN7yRd3Fn6PkxMfbdjUPWiz91ekUQIowM8gocQQ6ML1ICXxHZqHF1FB2zq8ZuhSIboGjIpSOgL3R9i3Xteg_vLKhqIrUDc4ZUER4X4n-ivBbuTl3tapjxlvbfpuI4JG_6M.wc0wY80MvdI6UICmCrc1_iRqBgL9BX2eiuBMGBMB6-s&dib_tag=se&keywords=laptop&qid=1788691890&sr=8-222&xpid=sLKVI6PriDQ7N,14.0,1,0
B0DLWYGGQW,"Acer Swift 16 AI OLED (SF16-51-57H6) KI Laptop, Copilot+ PC, 16"" WQ2.8K OLED 120Hz Display, Intel Core Ultra 5 226V, 16 GB RAM, 512 GB SSD, Intel Arc Grafik 130V, Windows 11, QWERTZ Tastatur",Acer,600.64,4.7,5.0,Intel Core Ultra 5,16.0,512.0,Intel Arc Graphics,16.0,2880x1800,Windows 11,QWERTZ,https://www.amazon.de/SF16-51-57H6-Notebook-Display-Windows-Tastatur/dp/B0DLWYGGQW/ref=sr_1_223?dib=eyJ2IjoiMSJ9.flzdewwNppkAK5xQ--goJD0uQ3FmLrcxyukOHkjtJhoKIce-LGGSsOxgY-_x5rSFliigKq9ODxGT-LcHre1sTbW8GEDgvV04qlwGwHpTxqN7yRd3Fn6PkxMfbdjUPWiz91ekUQIowM8gocQQ6ML1ICXxHZqHF1FB2zq8ZuhSIboGjIpSOgL3R9i3Xteg_vLKhqIrUDc4ZUER4X4n-ivBbuTl3tapjxlvbfpuI4JG_6M.wc0wY80MvdI6UICmCrc1_iRqBgL9BX2eiuBMGBMB6-s&dib_tag=se&keywords=laptop&qid=1788691890&sr=8-223&xpid=sLKVI6PriDQ7N,14.0,0,1
B0F7Z3CQM7,"Acer Predator Helios Neo 16AI | Gaming Laptop | Ultra 9| RTX 5070| 32GB|1TB | 16"" WQXGA 240Hz | Intel Core Ultra 9 275HX | 32GB RAM | NVIDIA RTX 5070 | 1TB SSD | Windows 11 | QWERTZ |PHN16-73-963H",Acer,1885.66,4.3,8.0,Intel Core Ultra 9,32.0,1024.0,NVIDIA GeForce RTX 5070,16.0,2560x1600,Windows 11 Home,QWERTZ,https://www.amazon.de/Acer-Predator-Helios-Gaming-Laptop/dp/B0F7Z3CQM7/ref=sr_1_224?dib=eyJ2IjoiMSJ9.flzdewwNppkAK5xQ--goJD0uQ3FmLrcxyukOHkjtJhoKIce-LGGSsOxgY-_x5rSFliigKq9ODxGT-LcHre1sTbW8GEDgvV04qlwGwHpTxqN7yRd3Fn6PkxMfbdjUPWiz91ekUQIowM8gocQQ6ML1ICXxHZqHF1FB2zq8ZuhSIboGjIpSOgL3R9i3Xteg_vLKhqIrUDc4ZUER4X4n-ivBbuTl3tapjxlvbfpuI4JG_6M.wc0wY80MvdI6UICmCrc1_iRqBgL9BX2eiuBMGBMB6-s&dib_tag=se&keywords=laptop&qid=1788691890&sr=8-224&xpid=sLKVI6PriDQ7N,14.0,1,0
B07WMR1XYN,"ASUS Vivobook 17 | 17,3"" FHD | Core 5 120U | RAM: 16GB | SSD: 500GB | Laptop in Cool Silver | beleuchtete Tastatur | Windows 11 Pro | Office 2024 Pro | Notebooktasche",ASUS,554.37,5.0,1.0,Intel Core 5 120U,16.0,500.0,Intel Iris Xe,17.3,1920x1080,Windows 11 Pro,QWERTZ,https://www.amazon.de/ASUS-Vivobook-FHD-Core-120U/dp/B07WMR1XYN/ref=sr_1_225?dib=eyJ2IjoiMSJ9.flzdewwNppkAK5xQ--goJD0uQ3FmLrcxyukOHkjtJhoKIce-LGGSsOxgY-_x5rSFliigKq9ODxGT-LcHre1sTbW8GEDgvV04qlwGwHpTxqN7yRd3Fn6PkxMfbdjUPWiz91ekUQIowM8gocQQ6ML1ICXxHZqHF1FB2zq8ZuhSIboGjIpSOgL3R9i3Xteg_vLKhqIrUDc4ZUER4X4n-ivBbuTl3tapjxlvbfpuI4JG_6M.wc0wY80MvdI6UICmCrc1_iRqBgL9BX2eiuBMGBMB6-s&dib_tag=se&keywords=laptop&qid=1788691890&sr=8-225&xpid=sLKVI6PriDQ7N,14.0,1,0
B0F4KTCPZM,"Gigabyte AORUS Elite 16 BWH Gaming Laptop – 16,0 Zoll, 165 Hz WQXGA, Intel Ultra 9 275HX, RTX 5070, 32 GB DDR5, 2 x SSD Gen4 1 TB, Windows 11 Pro, 2 Jahre Garantie, AORUS Elite 16 BWHC3FRC65SP",Gigabyte,1513.85,5.0,4.0,Intel Core Ultra 9,32.0,2000.0,NVIDIA GeForce RTX 5070,16.0,2560x1600,Windows 11 Pro,Unknown,https://www.amazon.de/Gigabyte-AORUS-16-Gaming-Laptop/dp/B0F4KTCPZM/ref=sr_1_227?dib=eyJ2IjoiMSJ9.flzdewwNppkAK5xQ--goJD0uQ3FmLrcxyukOHkjtJhoKIce-LGGSsOxgY-_x5rSFliigKq9ODxGT-LcHre1sTbW8GEDgvV04qlwGwHpTxqN7yRd3Fn6PkxMfbdjUPWiz91ekUQIowM8gocQQ6ML1ICXxHZqHF1FB2zq8ZuhSIboGjIpSOgL3R9i3Xteg_vLKhqIrUDc4ZUER4X4n-ivBbuTl3tapjxlvbfpuI4JG_6M.wc0wY80MvdI6UICmCrc1_iRqBgL9BX2eiuBMGBMB6-s&dib_tag=se&keywords=laptop&qid=1788691890&sr=8-227&xpid=sLKVI6PriDQ7N,14.0,1,0
B0DKJG9ZJX,"Microsoft Surface Laptop 7 Qualcomm Snapdragon 35 cm (13.8"") Touchscreen 16 GB LPDDR5x-SDRAM 512 GB SSD Wi-Fi 7 (802.11be) Windows 11 Pro Schwarz",Microsoft Surface,1008.88,5.0,1.0,Intel Core 7 150U,16.0,512.0,Unknown,13.0,2304x1536,Windows 11 Pro,QWERTZ,https://www.amazon.de/Microsoft-Qualcomm-Snapdragon-Touchscreen-LPDDR5x-SDRAM/dp/B0DKJG9ZJX/ref=sr_1_228?dib=eyJ2IjoiMSJ9.flzdewwNppkAK5xQ--goJD0uQ3FmLrcxyukOHkjtJhoKIce-LGGSsOxgY-_x5rSFliigKq9ODxGT-LcHre1sTbW8GEDgvV04qlwGwHpTxqN7yRd3Fn6PkxMfbdjUPWiz91ekUQIowM8gocQQ6ML1ICXxHZqHF1FB2zq8ZuhSIboGjIpSOgL3R9i3Xteg_vLKhqIrUDc4ZUER4X4n-ivBbuTl3tapjxlvbfpuI4JG_6M.wc0wY80MvdI6UICmCrc1_iRqBgL9BX2eiuBMGBMB6-s&dib_tag=se&keywords=laptop&qid=1788691890&sr=8-228&xpid=sLKVI6PriDQ7N,14.0,1,1
B0BW96TTZB,"Acer Swift Go 14 AI OLED | Laptop | Ryzen Al 7 | 16GB | 512GB |mit Netzteil | 14"" OLED Display | AMD Ryzen Al 7 350 | 16GB RAM | 512GB SSD | Radeon 860M | Windows 11 | QWERTZ Tastatur | SFG14-64-R3EW",Acer,927.23,3.0,4.0,Intel Core Ultra 7 155H,16.0,512.0,AMD Radeon 860M,14.0,1920x1200,Windows 11,QWERTZ,https://www.amazon.de/Acer-Swift-Laptop-Ryzen-Netzteil/dp/B0BW96TTZB/ref=sr_1_229?dib=eyJ2IjoiMSJ9.flzdewwNppkAK5xQ--goJD0uQ3FmLrcxyukOHkjtJhoKIce-LGGSsOxgY-_x5rSFliigKq9ODxGT-LcHre1sTbW8GEDgvV04qlwGwHpTxqN7yRd3Fn6PkxMfbdjUPWiz91ekUQIowM8gocQQ6ML1ICXxHZqHF1FB2zq8ZuhSIboGjIpSOgL3R9i3Xteg_vLKhqIrUDc4ZUER4X4n-ivBbuTl3tapjxlvbfpuI4JG_6M.wc0wY80MvdI6UICmCrc1_iRqBgL9BX2eiuBMGBMB6-s&dib_tag=se&keywords=laptop&qid=1788691890&sr=8-229&xpid=sLKVI6PriDQ7N,14.0,1,1
B0GMQ6345F,"Lenovo Yoga 7 2-in-1 | Laptop | Ryzen AI 7 | 32GB | 1TB | Ohne Netzteil | CoPilot+PC | 14"" WUXGA Display | OLED |Touch|AMD Ryzen AI 7 445|32GB RAM |1TB SSD|AMD Radeon 840M|QWERTZ|Windows 11|Seashell",Lenovo,858.43,5.0,1.0,AMD Ryzen AI 7,32.0,1024.0,AMD Radeon 840M,14.0,2880x1620,Windows 11,QWERTZ,https://www.amazon.de/Lenovo-Copilot-Display-Windows-Seashell/dp/B0GMQ6345F/ref=sr_1_225?dib=eyJ2IjoiMSJ9._rGbyETCmaC83SH3LBd78hfmj0XuCihgroa0jygwjPXE8Go8LGxHAmNkSIn7-nusJ5B95HdH3ZJyJx1-Y_I4mdkBG5VtUyf7fzeWJHgDsMPdMlZGKgylKN3XHwPlikQ3JiLerpk3jo2mJL_TwOAP8OGCngREUDdaUK8vQ-oIIIuPFoUNutKoPZnbZ3rbSUy6wOzCUlMYjwPI4mFI6PphnnGmkGQ8T0kkcDRh8rEyGGA.YlO82cVMUrQv0-SlLPEnQr83w8WCRnrL6KYDGynsgn0&dib_tag=se&keywords=laptop&qid=1788691996&sr=8-225&xpid=sLKVI6PriDQ7N,15.0,0,1
B0DTKK4NFL,"Samsung Galaxy Book5 Pro AI-Laptop, 14-Zoll-Display, AI-Notebook mit Intel Core Ultra 7 Prozessor, 16 GB RAM, 512 GB Speicher, Copilot+ PC, Moonstone Gray, 3 Jahre Herstellergarantie",Samsung,1502.9,4.4,15.0,Intel Core Ultra 7,16.0,1024.0,Intel Arc Graphics,14.0,2560x1440,Windows 11 Home,QWERTZ,https://www.amazon.de/Samsung-AI-Laptop-14-Zoll-Display-AI-Notebook-Herstellergarantie/dp/B0DTKK4NFL/ref=sr_1_226?dib=eyJ2IjoiMSJ9._rGbyETCmaC83SH3LBd78hfmj0XuCihgroa0jygwjPXE8Go8LGxHAmNkSIn7-nusJ5B95HdH3ZJyJx1-Y_I4mdkBG5VtUyf7fzeWJHgDsMPdMlZGKgylKN3XHwPlikQ3JiLerpk3jo2mJL_TwOAP8OGCngREUDdaUK8vQ-oIIIuPFoUNutKoPZnbZ3rbSUy6wOzCUlMYjwPI4mFI6PphnnGmkGQ8T0kkcDRh8rEyGGA.YlO82cVMUrQv0-SlLPEnQr83w8WCRnrL6KYDGynsgn0&dib_tag=se&keywords=laptop&qid=1788691996&sr=8-226&xpid=sLKVI6PriDQ7N,15.0,1,1
B0BZSRLW83,"Acer Predator Helios Neo 16 (PHN16-71-96AB) Gaming Laptop, 16"" WQXGA IPS 165Hz Display, Intel Core i9 13900HX, 16 GB RAM, 1 TB GB SSD, NVIDIA GeForce RTX 4070, Windows 11, QWERTZ Tastatur, schwarz",Acer,2092.37,4.1,66.0,Intel Core i9-13900HX,16.0,1000.0,NVIDIA GeForce RTX 4070,16.0,2560x1600,Windows 11 Home,QWERTZ,https://www.amazon.de/Acer-Predator-PHN16-71-96AB-Display-Tastatur/dp/B0BZSRLW83/ref=sr_1_227?dib=eyJ2IjoiMSJ9._rGbyETCmaC83SH3LBd78hfmj0XuCihgroa0jygwjPXE8Go8LGxHAmNkSIn7-nusJ5B95HdH3ZJyJx1-Y_I4mdkBG5VtUyf7fzeWJHgDsMPdMlZGKgylKN3XHwPlikQ3JiLerpk3jo2mJL_TwOAP8OGCngREUDdaUK8vQ-oIIIuPFoUNutKoPZnbZ3rbSUy6wOzCUlMYjwPI4mFI6PphnnGmkGQ8T0kkcDRh8rEyGGA.YlO82cVMUrQv0-SlLPEnQr83w8WCRnrL6KYDGynsgn0&dib_tag=se&keywords=laptop&qid=1788691996&sr=8-227&xpid=sLKVI6PriDQ7N,15.0,1,1
B0FN3N27BM,"Lenovo IdeaPad Slim 3 Touchscreen Laptop, 15,6 Zoll FHD Laptop, 8-Core AMD Ryzen 7 5825U, 16GB RAM, 1TB SSD, Tastatur, SD-Kartenleser, Stylus Pen + Externe tragbare SSD + USB-Hub, Linux Ubuntu OS",Lenovo,1209.95,4.3,33.0,AMD Ryzen 7 5825U,16.0,256.0,AMD Radeon Graphics,15.6,1920x1080,Unknown,Unknown,https://www.amazon.de/Lenovo-Touchscreen-Tastatur-SD-Kartenleser-tragbare/dp/B0FN3N27BM/ref=sr_1_228?dib=eyJ2IjoiMSJ9._rGbyETCmaC83SH3LBd78hfmj0XuCihgroa0jygwjPXE8Go8LGxHAmNkSIn7-nusJ5B95HdH3ZJyJx1-Y_I4mdkBG5VtUyf7fzeWJHgDsMPdMlZGKgylKN3XHwPlikQ3JiLerpk3jo2mJL_TwOAP8OGCngREUDdaUK8vQ-oIIIuPFoUNutKoPZnbZ3rbSUy6wOzCUlMYjwPI4mFI6PphnnGmkGQ8T0kkcDRh8rEyGGA.YlO82cVMUrQv0-SlLPEnQr83w8WCRnrL6KYDGynsgn0&dib_tag=se&keywords=laptop&qid=1788691996&sr=8-228&xpid=sLKVI6PriDQ7N,15.0,0,1
B0DCC7FBR6,"MEDION 40,6 cm (16 Zoll 4K OLED) S10 Laptop (Intel Core Ultra 7 155H, 16GB DDR5 RAM, 1TB PCIe SSD, 100% DCI-P3, FHD Webcam, WLAN, Win 11)",MEDION,836.09,3.1,3.0,Intel Core Ultra 7 155H,16.0,1024.0,Intel Arc Graphics,16.0,3840x2400,Windows 11 Home,QWERTZ,https://www.amazon.de/MEDION-S10-Laptop-DCI-P3-Webcam/dp/B0DCC7FBR6/ref=sr_1_229?dib=eyJ2IjoiMSJ9._rGbyETCmaC83SH3LBd78hfmj0XuCihgroa0jygwjPXE8Go8LGxHAmNkSIn7-nusJ5B95HdH3ZJyJx1-Y_I4mdkBG5VtUyf7fzeWJHgDsMPdMlZGKgylKN3XHwPlikQ3JiLerpk3jo2mJL_TwOAP8OGCngREUDdaUK8vQ-oIIIuPFoUNutKoPZnbZ3rbSUy6wOzCUlMYjwPI4mFI6PphnnGmkGQ8T0kkcDRh8rEyGGA.YlO82cVMUrQv0-SlLPEnQr83w8WCRnrL6KYDGynsgn0&dib_tag=se&keywords=laptop&qid=1788691996&sr=8-229&xpid=sLKVI6PriDQ7N,15.0,0,1
B0FV99X94J,"Acer Nitro 18 AI, Gaming Laptop, Ryzen 9, RTX 5060, 32GB RAM, 1TB SSD | 18"" WQXGA 165Hz, AMD Ryzen AI 9 365, NVIDIA RTX 5060, 32GB RAM, 1TB SSD, Windows 11, QWERTZ, AN18-61-R8HK",Acer,1630.93,5.0,2.0,AMD Ryzen AI 9,32.0,1024.0,NVIDIA GeForce RTX 5060,18.0,2560x1600,Windows 11 Home,QWERTZ,https://www.amazon.de/Acer-Nitro-Gaming-Laptop-Ryzen/dp/B0FV99X94J/ref=sr_1_230?dib=eyJ2IjoiMSJ9._rGbyETCmaC83SH3LBd78hfmj0XuCihgroa0jygwjPXE8Go8LGxHAmNkSIn7-nusJ5B95HdH3ZJyJx1-Y_I4mdkBG5VtUyf7fzeWJHgDsMPdMlZGKgylKN3XHwPlikQ3JiLerpk3jo2mJL_TwOAP8OGCngREUDdaUK8vQ-oIIIuPFoUNutKoPZnbZ3rbSUy6wOzCUlMYjwPI4mFI6PphnnGmkGQ8T0kkcDRh8rEyGGA.YlO82cVMUrQv0-SlLPEnQr83w8WCRnrL6KYDGynsgn0&dib_tag=se&keywords=laptop&qid=1788691996&sr=8-230&xpid=sLKVI6PriDQ7N,15.0,1,0
B0FBMMSKB4,"Gigabyte Gaming A16 Laptop – 16 Zoll, 165 Hz WUXGA, Intel Core i5-13620H, RTX 5050, 16 GB DDR5 5200 MHz, SSD Gen4 1 TB, Windows 11 Home, 2 Jahre Garantie, Dolby Atmos, Gaming A16 CTHI3FR894SH",Gigabyte,1214.98,4.1,18.0,Intel Core i7-13620H,16.0,1000.0,NVIDIA GeForce RTX 5050,16.0,1920x1200,Windows 11 Home,Unknown,https://www.amazon.de/Gigabyte-Gaming-A16-Laptop-CTHI3FR894SH/dp/B0FBMMSKB4/ref=sr_1_231?dib=eyJ2IjoiMSJ9._rGbyETCmaC83SH3LBd78hfmj0XuCihgroa0jygwjPXE8Go8LGxHAmNkSIn7-nusJ5B95HdH3ZJyJx1-Y_I4mdkBG5VtUyf7fzeWJHgDsMPdMlZGKgylKN3XHwPlikQ3JiLerpk3jo2mJL_TwOAP8OGCngREUDdaUK8vQ-oIIIuPFoUNutKoPZnbZ3rbSUy6wOzCUlMYjwPI4mFI6PphnnGmkGQ8T0kkcDRh8rEyGGA.YlO82cVMUrQv0-SlLPEnQr83w8WCRnrL6KYDGynsgn0&dib_tag=se&keywords=laptop&qid=1788691996&sr=8-231&xpid=sLKVI6PriDQ7N,15.0,1,1
B0D6NN8LNZ,HP Omen Gaming Laptop | 16 Zoll WQXGA-240 Hz | Intel Core i7-14700HX | 32 GB DDR5 RAM | 1TB SSD | NVIDIA GeForce RTX 4060 (8GB) | QWERTZ | Windows 11 Home | Weiß,HP,1803.65,5.0,4.0,Intel Core i7-14700HX,32.0,1000.0,NVIDIA GeForce RTX 4060,16.0,2560x1600,Windows 11 Home,QWERTZ,https://www.amazon.de/HP-Transcend-WQXGA-240-i7-14700HX-GeForce/dp/B0D6NN8LNZ/ref=sr_1_232?dib=eyJ2IjoiMSJ9._rGbyETCmaC83SH3LBd78hfmj0XuCihgroa0jygwjPXE8Go8LGxHAmNkSIn7-nusJ5B95HdH3ZJyJx1-Y_I4mdkBG5VtUyf7fzeWJHgDsMPdMlZGKgylKN3XHwPlikQ3JiLerpk3jo2mJL_TwOAP8OGCngREUDdaUK8vQ-oIIIuPFoUNutKoPZnbZ3rbSUy6wOzCUlMYjwPI4mFI6PphnnGmkGQ8T0kkcDRh8rEyGGA.YlO82cVMUrQv0-SlLPEnQr83w8WCRnrL6KYDGynsgn0&dib_tag=se&keywords=laptop&qid=1788691996&sr=8-232&xpid=sLKVI6PriDQ7N,15.0,1,0
B0DS2G94XF,"Acer Predator Helios 18 AI | Gaming Laptop | Ultra 9 | RTX 5080 | 64GB |4TB | 18"" WQXGA MiniLED 250Hz | Intel Core Ultra 9 275HX | NVIDIA RTX 5080 | 64GB RAM | 4TB | Windows 11 | QWERTZ |PH18-73-91MD",Acer,3908.91,4.1,2.0,Intel Core Ultra 9,64.0,1024.0,NVIDIA GeForce RTX 5080,18.0,2560x1600,Windows 11,QWERTZ,https://www.amazon.de/Acer-Predator-Helios-Gaming-Laptop/dp/B0DS2G94XF/ref=sr_1_233?dib=eyJ2IjoiMSJ9._rGbyETCmaC83SH3LBd78hfmj0XuCihgroa0jygwjPXE8Go8LGxHAmNkSIn7-nusJ5B95HdH3ZJyJx1-Y_I4mdkBG5VtUyf7fzeWJHgDsMPdMlZGKgylKN3XHwPlikQ3JiLerpk3jo2mJL_TwOAP8OGCngREUDdaUK8vQ-oIIIuPFoUNutKoPZnbZ3rbSUy6wOzCUlMYjwPI4mFI6PphnnGmkGQ8T0kkcDRh8rEyGGA.YlO82cVMUrQv0-SlLPEnQr83w8WCRnrL6KYDGynsgn0&dib_tag=se&keywords=laptop&qid=1788691996&sr=8-233&xpid=sLKVI6PriDQ7N,15.0,1,1
B0DTYXQWXM,"Razer Blade 16 (2025) - 16 Zoll AI Gaming Laptop - NVIDIA GeForce RTX 5060 - AMD Ryzen AI 9 365-16"" QHD+ 240Hz OLED Display - 16GB LPDDR5X 8000 MHz - 1TB SSD - QWERTZ DE-Layout | Schwarz",Razer,2062.29,5.0,11.0,AMD Ryzen AI 9,16.0,1024.0,NVIDIA GeForce RTX 5090,16.0,2560x1600,Windows 11 Home,QWERTZ,https://www.amazon.de/Razer-Blade-16-GeForce-Layout/dp/B0DTYXQWXM/ref=sr_1_234?dib=eyJ2IjoiMSJ9._rGbyETCmaC83SH3LBd78hfmj0XuCihgroa0jygwjPXE8Go8LGxHAmNkSIn7-nusJ5B95HdH3ZJyJx1-Y_I4mdkBG5VtUyf7fzeWJHgDsMPdMlZGKgylKN3XHwPlikQ3JiLerpk3jo2mJL_TwOAP8OGCngREUDdaUK8vQ-oIIIuPFoUNutKoPZnbZ3rbSUy6wOzCUlMYjwPI4mFI6PphnnGmkGQ8T0kkcDRh8rEyGGA.YlO82cVMUrQv0-SlLPEnQr83w8WCRnrL6KYDGynsgn0&dib_tag=se&keywords=laptop&qid=1788691996&sr=8-234&xpid=sLKVI6PriDQ7N,15.0,1,1
B0BWNPMHGL,"Acer Predator Helios 18, Gaming Laptop, Core i9, RTX 4080, 32GB RAM, 2TB | 18"" WQXGA MiniLED 250Hz Display, Intel Core i9 13900HX, 32GB, 2 TB SSD, NVIDIA RTX 4080, Windows 11, QWERTZ, PH18-71-93CJ",Acer,3095.07,4.0,4.0,Intel Core i9-13900HX,32.0,2048.0,NVIDIA GeForce RTX 4080,18.0,2560x1600,Windows 11 Home,QWERTZ,https://www.amazon.de/Acer-Predator-PH18-71-93CJ-Display-Tastatur/dp/B0BWNPMHGL/ref=sr_1_235?dib=eyJ2IjoiMSJ9._rGbyETCmaC83SH3LBd78hfmj0XuCihgroa0jygwjPXE8Go8LGxHAmNkSIn7-nusJ5B95HdH3ZJyJx1-Y_I4mdkBG5VtUyf7fzeWJHgDsMPdMlZGKgylKN3XHwPlikQ3JiLerpk3jo2mJL_TwOAP8OGCngREUDdaUK8vQ-oIIIuPFoUNutKoPZnbZ3rbSUy6wOzCUlMYjwPI4mFI6PphnnGmkGQ8T0kkcDRh8rEyGGA.YlO82cVMUrQv0-SlLPEnQr83w8WCRnrL6KYDGynsgn0&dib_tag=se&keywords=laptop&qid=1788691996&sr=8-235&xpid=sLKVI6PriDQ7N,15.0,1,0
B0F84H7WLT,"HP ProBook 4 G1a Notebook AI - 177-Grad Scharnierdesign - AMD Ryzen 5 230 - Win 11 Pro - Radeon 760M - 16 GB RAM - 512 GB SSD NVMe - 35.6 cm (14"") IPS 1920 x 1200 - Wi-Fi 7",HP,1185.45,5.0,0.0,AMD Ryzen AI 7,16.0,512.0,AMD Radeon 760M,14.0,1920x1200,Windows 11,Unknown,https://www.amazon.de/HP-ProBook-G1a-Notebook-Scharnierdesign/dp/B0F84H7WLT/ref=sr_1_237?dib=eyJ2IjoiMSJ9._rGbyETCmaC83SH3LBd78hfmj0XuCihgroa0jygwjPXE8Go8LGxHAmNkSIn7-nusJ5B95HdH3ZJyJx1-Y_I4mdkBG5VtUyf7fzeWJHgDsMPdMlZGKgylKN3XHwPlikQ3JiLerpk3jo2mJL_TwOAP8OGCngREUDdaUK8vQ-oIIIuPFoUNutKoPZnbZ3rbSUy6wOzCUlMYjwPI4mFI6PphnnGmkGQ8T0kkcDRh8rEyGGA.YlO82cVMUrQv0-SlLPEnQr83w8WCRnrL6KYDGynsgn0&dib_tag=se&keywords=laptop&qid=1788691996&sr=8-237&xpid=sLKVI6PriDQ7N,15.0,1,0
B0B8H6YC2F,"acer Nitro V 16S AI Laptop IA | Notebook Gaming | Nvidia GeForce RTX 5070 8GB | Ryzen AI 7 350 | RAM 16GB DDR5 | 1024GB SSD | 16"" WQXGA IPS 180Hz Display | Copilot+ PC | Windows 11 | QWERTY",Acer,1718.58,3.4,3.0,AMD Ryzen AI 7,16.0,1024.0,NVIDIA GeForce RTX 5070,16.0,2560x1600,Windows 11 Home,QWERTY,https://www.amazon.de/acer-Notebook-GeForce-Display-Copilot/dp/B0B8H6YC2F/ref=sr_1_238?dib=eyJ2IjoiMSJ9._rGbyETCmaC83SH3LBd78hfmj0XuCihgroa0jygwjPXE8Go8LGxHAmNkSIn7-nusJ5B95HdH3ZJyJx1-Y_I4mdkBG5VtUyf7fzeWJHgDsMPdMlZGKgylKN3XHwPlikQ3JiLerpk3jo2mJL_TwOAP8OGCngREUDdaUK8vQ-oIIIuPFoUNutKoPZnbZ3rbSUy6wOzCUlMYjwPI4mFI6PphnnGmkGQ8T0kkcDRh8rEyGGA.YlO82cVMUrQv0-SlLPEnQr83w8WCRnrL6KYDGynsgn0&dib_tag=se&keywords=laptop&qid=1788691996&sr=8-238&xpid=sLKVI6PriDQ7N,15.0,1,1
B0GRW9KKN5,"Lenovo LOQ 15AHP10 Gaming Laptop, AMD Ryzen 5 220, 32 GB DDR5 RAM, 2 TB PCIe SSD, 15.6"" FHD (1920x1080) IPS Display, NVIDIA GeForce RTX 5050, Deutsches Tastatur-Layout, W11 Home, Luna Grey",HP,1434.93,5.0,4.0,AMD Ryzen 5 220,32.0,2048.0,NVIDIA GeForce RTX 5050,15.6,1920x1080,Windows 11 Home,QWERTZ,https://www.amazon.de/Lenovo-LOQ-Laptop-1920x1080-Tastatur-Layout/dp/B0GRW9KKN5/ref=sr_1_239?dib=eyJ2IjoiMSJ9._rGbyETCmaC83SH3LBd78hfmj0XuCihgroa0jygwjPXE8Go8LGxHAmNkSIn7-nusJ5B95HdH3ZJyJx1-Y_I4mdkBG5VtUyf7fzeWJHgDsMPdMlZGKgylKN3XHwPlikQ3JiLerpk3jo2mJL_TwOAP8OGCngREUDdaUK8vQ-oIIIuPFoUNutKoPZnbZ3rbSUy6wOzCUlMYjwPI4mFI6PphnnGmkGQ8T0kkcDRh8rEyGGA.YlO82cVMUrQv0-SlLPEnQr83w8WCRnrL6KYDGynsgn0&dib_tag=se&keywords=laptop&qid=1788691996&sr=8-239&xpid=sLKVI6PriDQ7N,15.0,1,0
B0DWSXCNC9,"ASUS ROG Strix Scar 16 (2025) mit ROG Nebula Display von 16 Zoll bis 240 Hz, NVIDIA GeForce RTX 5080 16GB, Intel Core Ultra 9 275HX, 32GB RAM, 2TB SSD, Win 11 Home, G635LW#B0DWSXCNC9, Layout ITA",ASUS,4155.9,2.8,16.0,Intel Core Ultra 9 275HX,32.0,1024.0,NVIDIA GeForce RTX 5080,16.0,2560x1600,Windows 11 Home,QWERTY,https://www.amazon.de/ASUS-Nebula-Display-GeForce-B0DWSXCNC9/dp/B0DWSXCNC9/ref=sr_1_240?dib=eyJ2IjoiMSJ9._rGbyETCmaC83SH3LBd78hfmj0XuCihgroa0jygwjPXE8Go8LGxHAmNkSIn7-nusJ5B95HdH3ZJyJx1-Y_I4mdkBG5VtUyf7fzeWJHgDsMPdMlZGKgylKN3XHwPlikQ3JiLerpk3jo2mJL_TwOAP8OGCngREUDdaUK8vQ-oIIIuPFoUNutKoPZnbZ3rbSUy6wOzCUlMYjwPI4mFI6PphnnGmkGQ8T0kkcDRh8rEyGGA.YlO82cVMUrQv0-SlLPEnQr83w8WCRnrL6KYDGynsgn0&dib_tag=se&keywords=laptop&qid=1788691996&sr=8-240&xpid=sLKVI6PriDQ7N,15.0,1,0
B0H2MWN7DJ,"HP EliteBook 660 G11 Business Laptop, Intel Core Ultra 5 125U, 64 GB DDR5 RAM, 2 TB SSD, 16"" WUXGA IPS (1920x1200), Fingerprint, Deutsches Tastatur Layout, Windows 11 Pro, Silber",HP,1684.12,5.0,0.0,Intel Core Ultra 5 125U,64.0,2048.0,Intel Arc Graphics,16.0,1920x1200,Windows 11 Pro,QWERTZ,https://www.amazon.de/HP-EliteBook-660-G11-Fingerprint/dp/B0H2MWN7DJ/ref=sr_1_242?dib=eyJ2IjoiMSJ9.denHUXDLnyoeTbDzwlACT03gLIJSc0nFZuY6wVEFLJYc3_xDyUeuGBx7Mx4XO0735zZnORXnv1hDHz7FWX8LJU-MSKjblxRJAZCOrZjJZ3YIVD2u1LiwPZBJfvTRICG6k3vJhQ-hyYIqnPXduuo4k7EQJBX7vbjVLvqqQUMvTwP69VylolSvTLJ_lsaiZxorqoxXid3NC8-xRsrzcWXNnziBANEX2eBizwmFa6qg-r0.rlwwRv1UNSBd-WRb3ZvGQLYZNxhdTpO1Hl_mDUwmvYg&dib_tag=se&keywords=laptop&qid=1788692095&sr=8-242&xpid=sLKVI6PriDQ7N,16.0,1,1
B0CVQR7X1N,"HP Omen Transcend Gaming Laptop, 14 Zoll 2,8K OLED 120Hz, Intel Core Ultra 7 155H, 16 GB DDR5 RAM, 1 TB SSD, NVIDIA GeForce RTX 4060 (8GB), QWERTZ, Windows 11, Weiß inkl. HyperX Cloud III Wireless",HP,1478.99,4.7,8.0,Intel Core Ultra 7,16.0,1000.0,NVIDIA GeForce RTX 4060,14.0,2880x1800,Windows 11,QWERTZ,https://www.amazon.de/HP-Transcend-GeForce-Windows-Wireless/dp/B0CVQR7X1N/ref=sr_1_243?dib=eyJ2IjoiMSJ9.denHUXDLnyoeTbDzwlACT03gLIJSc0nFZuY6wVEFLJYc3_xDyUeuGBx7Mx4XO0735zZnORXnv1hDHz7FWX8LJU-MSKjblxRJAZCOrZjJZ3YIVD2u1LiwPZBJfvTRICG6k3vJhQ-hyYIqnPXduuo4k7EQJBX7vbjVLvqqQUMvTwP69VylolSvTLJ_lsaiZxorqoxXid3NC8-xRsrzcWXNnziBANEX2eBizwmFa6qg-r0.rlwwRv1UNSBd-WRb3ZvGQLYZNxhdTpO1Hl_mDUwmvYg&dib_tag=se&keywords=laptop&qid=1788692095&sr=8-243&xpid=sLKVI6PriDQ7N,16.0,1,1
B0H2HSLB14,"ASUS Vivobook 18 | 18"" WUXGA | Ryzen AI 7 445 | RAM: 32GB | SSD: 2TB | Laptop in Quiet Blue | 144Hz Display | beleuchtete Tastatur | Copilot+ | Windows 11 Pro | Office 2024 Pro | Notebooktasche",ASUS,1159.0,5.0,0.0,AMD Ryzen AI 7,32.0,1024.0,AMD Radeon 840M,18.0,1920x1200,Windows 11 Pro,QWERTZ,https://www.amazon.de/ASUS-Vivobook-WUXGA-Ryzen-445/dp/B0H2HSLB14/ref=sr_1_244?dib=eyJ2IjoiMSJ9.denHUXDLnyoeTbDzwlACT03gLIJSc0nFZuY6wVEFLJYc3_xDyUeuGBx7Mx4XO0735zZnORXnv1hDHz7FWX8LJU-MSKjblxRJAZCOrZjJZ3YIVD2u1LiwPZBJfvTRICG6k3vJhQ-hyYIqnPXduuo4k7EQJBX7vbjVLvqqQUMvTwP69VylolSvTLJ_lsaiZxorqoxXid3NC8-xRsrzcWXNnziBANEX2eBizwmFa6qg-r0.rlwwRv1UNSBd-WRb3ZvGQLYZNxhdTpO1Hl_mDUwmvYg&dib_tag=se&keywords=laptop&qid=1788692095&sr=8-244&xpid=sLKVI6PriDQ7N,16.0,0,0
B0GQLYJVCW,"Acer Nitro V15 | 15,6"" FHD | Core i7 13620H | RAM: 64GB | SSD: 1TB | Gaming Laptop | NVIDIA RTX 5060 | 165Hz | beleuchtete Tastatur | Windows 11 Pro | Notebooktasche",Acer,1565.91,5.0,0.0,Intel Core i7-13620H,64.0,1024.0,NVIDIA GeForce RTX 5060,15.6,1920x1080,Windows 11 Pro,QWERTZ,https://www.amazon.de/Acer-Nitro-V15-Core-13620H/dp/B0GQLYJVCW/ref=sr_1_245?dib=eyJ2IjoiMSJ9.denHUXDLnyoeTbDzwlACT03gLIJSc0nFZuY6wVEFLJYc3_xDyUeuGBx7Mx4XO0735zZnORXnv1hDHz7FWX8LJU-MSKjblxRJAZCOrZjJZ3YIVD2u1LiwPZBJfvTRICG6k3vJhQ-hyYIqnPXduuo4k7EQJBX7vbjVLvqqQUMvTwP69VylolSvTLJ_lsaiZxorqoxXid3NC8-xRsrzcWXNnziBANEX2eBizwmFa6qg-r0.rlwwRv1UNSBd-WRb3ZvGQLYZNxhdTpO1Hl_mDUwmvYg&dib_tag=se&keywords=laptop&qid=1788692095&sr=8-245&xpid=sLKVI6PriDQ7N,16.0,1,0
B0FW7CSSJZ,"Alienware 16 Aurora Gaming Laptop AC16250 16"" WQXGA 120Hz sRGB 100%, Intel Core 7 240H, NVIDIA GeForce RTX 5060, 16GB DDR5 RAM, 1TB SSD, Windows 11 Home, QWERTY International US – Interstellar Indigo",Alienware,1159.18,5.0,19.0,Intel Core 7 240H,16.0,1024.0,NVIDIA GeForce RTX 5060,16.0,2560x1600,Windows 11 Home,QWERTZ,https://www.amazon.de/Alienware-AC16250-GeForce-Windows-International/dp/B0FW7CSSJZ/ref=sr_1_246?dib=eyJ2IjoiMSJ9.denHUXDLnyoeTbDzwlACT03gLIJSc0nFZuY6wVEFLJYc3_xDyUeuGBx7Mx4XO0735zZnORXnv1hDHz7FWX8LJU-MSKjblxRJAZCOrZjJZ3YIVD2u1LiwPZBJfvTRICG6k3vJhQ-hyYIqnPXduuo4k7EQJBX7vbjVLvqqQUMvTwP69VylolSvTLJ_lsaiZxorqoxXid3NC8-xRsrzcWXNnziBANEX2eBizwmFa6qg-r0.rlwwRv1UNSBd-WRb3ZvGQLYZNxhdTpO1Hl_mDUwmvYg&dib_tag=se&keywords=laptop&qid=1788692095&sr=8-246&xpid=sLKVI6PriDQ7N,16.0,1,0
B0DYSHDBPN,"MSI Stealth A16 AI+ 16 Zoll 240Hz QHD+ OLED Gaming Laptop:AMD Ryzen AI 9 HX 370, NVIDIA Geforce RTX 5070Ti, 32GB DDR5, 2TB NVMe SSD, Wi-Fi 7, Win 11 Home:Core Black A3XWHG-079US",MSI,3952.98,4.7,9.0,AMD Ryzen AI 9HX,32.0,2048.0,NVIDIA GeForce RTX 5070Ti,16.0,2560x1600,Windows 11 Pro,QWERTZ,https://www.amazon.de/MSI-Stealth-240Hz-Gaming-Laptop/dp/B0DYSHDBPN/ref=sr_1_247?dib=eyJ2IjoiMSJ9.denHUXDLnyoeTbDzwlACT03gLIJSc0nFZuY6wVEFLJYc3_xDyUeuGBx7Mx4XO0735zZnORXnv1hDHz7FWX8LJU-MSKjblxRJAZCOrZjJZ3YIVD2u1LiwPZBJfvTRICG6k3vJhQ-hyYIqnPXduuo4k7EQJBX7vbjVLvqqQUMvTwP69VylolSvTLJ_lsaiZxorqoxXid3NC8-xRsrzcWXNnziBANEX2eBizwmFa6qg-r0.rlwwRv1UNSBd-WRb3ZvGQLYZNxhdTpO1Hl_mDUwmvYg&dib_tag=se&keywords=laptop&qid=1788692095&sr=8-247&xpid=sLKVI6PriDQ7N,16.0,1,0
B0FBMKJVKF,"Gigabyte Gaming A16 Laptop – 16 Zoll, 165 Hz WUXGA, Intel Core i5-13420H, RTX 5050, 16 GB DDR5 5200 MHz, 1 x SSD Gen4 512 GB, Windows 11 Home, 2 Jahre Garantie, Dolby Atmos, Gaming A16 CTHH3FR893SH",Gigabyte,1142.59,5.0,1.0,Intel Core i5-13420H,16.0,512.0,NVIDIA GeForce RTX 5050,16.0,1920x1200,Windows 11 Home,AZERTY,https://www.amazon.de/Gigabyte-Gaming-A16-Laptop-CTHH3FR893SH/dp/B0FBMKJVKF/ref=sr_1_248?dib=eyJ2IjoiMSJ9.denHUXDLnyoeTbDzwlACT03gLIJSc0nFZuY6wVEFLJYc3_xDyUeuGBx7Mx4XO0735zZnORXnv1hDHz7FWX8LJU-MSKjblxRJAZCOrZjJZ3YIVD2u1LiwPZBJfvTRICG6k3vJhQ-hyYIqnPXduuo4k7EQJBX7vbjVLvqqQUMvTwP69VylolSvTLJ_lsaiZxorqoxXid3NC8-xRsrzcWXNnziBANEX2eBizwmFa6qg-r0.rlwwRv1UNSBd-WRb3ZvGQLYZNxhdTpO1Hl_mDUwmvYg&dib_tag=se&keywords=laptop&qid=1788692095&sr=8-248&xpid=sLKVI6PriDQ7N,16.0,1,1
B0D42DPCZ3,"Acer Nitro V ANV15-41-R9NM Gaming Laptop 15,6 Zoll Full HD IPS 144 Hz, (AMD Ryzen 7 7735HS, NVIDIA GeForce RTX 4060, 16 GB RAM, 1024 GB SSD, Windows 11) Gaming-Laptop, Farbe Schwarz",Acer,1020.15,2.8,61.0,AMD Ryzen 7 7735HS,16.0,1024.0,NVIDIA GeForce RTX 4060,15.6,1920x1080,Windows 11,AZERTY,https://www.amazon.de/ANV15-41-R9NM-GeForce-Windows-Gaming-Laptop-Schwarz/dp/B0D42DPCZ3/ref=sr_1_249?dib=eyJ2IjoiMSJ9.denHUXDLnyoeTbDzwlACT03gLIJSc0nFZuY6wVEFLJYc3_xDyUeuGBx7Mx4XO0735zZnORXnv1hDHz7FWX8LJU-MSKjblxRJAZCOrZjJZ3YIVD2u1LiwPZBJfvTRICG6k3vJhQ-hyYIqnPXduuo4k7EQJBX7vbjVLvqqQUMvTwP69VylolSvTLJ_lsaiZxorqoxXid3NC8-xRsrzcWXNnziBANEX2eBizwmFa6qg-r0.rlwwRv1UNSBd-WRb3ZvGQLYZNxhdTpO1Hl_mDUwmvYg&dib_tag=se&keywords=laptop&qid=1788692095&sr=8-249&xpid=sLKVI6PriDQ7N,16.0,1,1
B0GXG7LVRZ,"ASUS ROG Strix G16 | 16"" WUXGA | Ryzen 9 8940HX | RAM: 64GB | SSD: 1TB | Gaming Laptop | NVIDIA RTX 5060 | 165Hz | Einzeltasten RGB | Windows 11 Pro | Notebooktasche",ASUS,1313.85,5.0,0.0,AMD Ryzen 9 8940HX,64.0,1024.0,NVIDIA GeForce RTX 5060,16.0,1920x1200,Windows 11 Pro,QWERTZ,https://www.amazon.de/ASUS-Strix-WUXGA-Ryzen-8940HX/dp/B0GXG7LVRZ/ref=sr_1_250?dib=eyJ2IjoiMSJ9.denHUXDLnyoeTbDzwlACT03gLIJSc0nFZuY6wVEFLJYc3_xDyUeuGBx7Mx4XO0735zZnORXnv1hDHz7FWX8LJU-MSKjblxRJAZCOrZjJZ3YIVD2u1LiwPZBJfvTRICG6k3vJhQ-hyYIqnPXduuo4k7EQJBX7vbjVLvqqQUMvTwP69VylolSvTLJ_lsaiZxorqoxXid3NC8-xRsrzcWXNnziBANEX2eBizwmFa6qg-r0.rlwwRv1UNSBd-WRb3ZvGQLYZNxhdTpO1Hl_mDUwmvYg&dib_tag=se&keywords=laptop&qid=1788692095&sr=8-250&xpid=sLKVI6PriDQ7N,16.0,1,0
B0FWK4G254,"HP ProBook 450 G10 Laptop, Intel Core i5-1334U, 64 GB DDR4 RAM, 1 TB PCIe SSD, 15.6"" Full HD (1920x1080) Display, Intel Iris Xe Graphics, Backlit QWERTZ Tastatur, Windows 11 Pro, Silber",HP,1538.04,5.0,3.0,Intel Core i5-1334U,64.0,1024.0,Intel Iris Xe,15.6,1920x1080,Windows 11 Pro,QWERTZ,https://www.amazon.de/HP-ProBook-450-G10-1920x1080/dp/B0FWK4G254/ref=sr_1_251?dib=eyJ2IjoiMSJ9.denHUXDLnyoeTbDzwlACT03gLIJSc0nFZuY6wVEFLJYc3_xDyUeuGBx7Mx4XO0735zZnORXnv1hDHz7FWX8LJU-MSKjblxRJAZCOrZjJZ3YIVD2u1LiwPZBJfvTRICG6k3vJhQ-hyYIqnPXduuo4k7EQJBX7vbjVLvqqQUMvTwP69VylolSvTLJ_lsaiZxorqoxXid3NC8-xRsrzcWXNnziBANEX2eBizwmFa6qg-r0.rlwwRv1UNSBd-WRb3ZvGQLYZNxhdTpO1Hl_mDUwmvYg&dib_tag=se&keywords=laptop&qid=1788692095&sr=8-251&xpid=sLKVI6PriDQ7N,16.0,1,0
B0GMQQ3D9G,"Lenovo Yoga 9 2in1 Aura Edition | Laptop | Intel Ultra 7 | 32GB | 1TB | CoPilot+PC | 14"" 2.8K WQXGA+ Display | OLED | Touch| Intel Ultra 7 355|32GB RAM|1TB SSD| Intel Grafik|QWERTZ|Windows 11 |Blau",Lenovo,1374.0,4.5,2.0,Intel Core Ultra 7 355,32.0,1024.0,AMD Radeon 860M,14.0,2880x1800,Windows 11 Home,QWERTZ,https://www.amazon.de/Lenovo-Display-Integrierte-Windows-Premium/dp/B0GMQQ3D9G/ref=sr_1_253?dib=eyJ2IjoiMSJ9.denHUXDLnyoeTbDzwlACT03gLIJSc0nFZuY6wVEFLJYc3_xDyUeuGBx7Mx4XO0735zZnORXnv1hDHz7FWX8LJU-MSKjblxRJAZCOrZjJZ3YIVD2u1LiwPZBJfvTRICG6k3vJhQ-hyYIqnPXduuo4k7EQJBX7vbjVLvqqQUMvTwP69VylolSvTLJ_lsaiZxorqoxXid3NC8-xRsrzcWXNnziBANEX2eBizwmFa6qg-r0.rlwwRv1UNSBd-WRb3ZvGQLYZNxhdTpO1Hl_mDUwmvYg&dib_tag=se&keywords=laptop&qid=1788692095&sr=8-253&xpid=sLKVI6PriDQ7N,16.0,1,1
B0FQP95HQT,"Gigabyte Gaming A18 Laptop - 18“, 165Hz WQXGA, AMD Ryzen 7 260, RTX 5070, 32GB DDR5 5600MHz, 1TB Gen4 SSD, Windows 11 Home, 2 Jahre Garantie, Dolby Atmos, Gaming A18 3WHK3DEC64SH",Gigabyte,1374.0,4.4,0.0,AMD Ryzen 7 260,32.0,1000.0,NVIDIA GeForce RTX 5070,18.0,2560x1600,Windows 11 Home,Unknown,https://www.amazon.de/Gigabyte-Gaming-A18-Laptop-3WHK3DEC64SH/dp/B0FQP95HQT/ref=sr_1_254?dib=eyJ2IjoiMSJ9.denHUXDLnyoeTbDzwlACT03gLIJSc0nFZuY6wVEFLJYc3_xDyUeuGBx7Mx4XO0735zZnORXnv1hDHz7FWX8LJU-MSKjblxRJAZCOrZjJZ3YIVD2u1LiwPZBJfvTRICG6k3vJhQ-hyYIqnPXduuo4k7EQJBX7vbjVLvqqQUMvTwP69VylolSvTLJ_lsaiZxorqoxXid3NC8-xRsrzcWXNnziBANEX2eBizwmFa6qg-r0.rlwwRv1UNSBd-WRb3ZvGQLYZNxhdTpO1Hl_mDUwmvYg&dib_tag=se&keywords=laptop&qid=1788692095&sr=8-254&xpid=sLKVI6PriDQ7N,16.0,1,0
B0GX7X7L57,"Energizer EnergyBook 18,5 Zoll Full HD Laptop (Intel P6500Y, 4GB RAM, 128GB SSD, 11 Home, Ultra Leise, 11h Akkulaufzeit) – WiFi AC, Bluetooth v4.2, Blau",Energizer,326.75,5.0,45.0,Intel Core 5,4.0,128.0,Intel UHD Graphics,18.5,1920x1080,Windows 11 Home,AZERTY,https://www.amazon.de/Energizer-EnergyBook-Laptop-P6500Y-Akkulaufzeit/dp/B0GX7X7L57/ref=sr_1_255?dib=eyJ2IjoiMSJ9.denHUXDLnyoeTbDzwlACT03gLIJSc0nFZuY6wVEFLJYc3_xDyUeuGBx7Mx4XO0735zZnORXnv1hDHz7FWX8LJU-MSKjblxRJAZCOrZjJZ3YIVD2u1LiwPZBJfvTRICG6k3vJhQ-hyYIqnPXduuo4k7EQJBX7vbjVLvqqQUMvTwP69VylolSvTLJ_lsaiZxorqoxXid3NC8-xRsrzcWXNnziBANEX2eBizwmFa6qg-r0.rlwwRv1UNSBd-WRb3ZvGQLYZNxhdTpO1Hl_mDUwmvYg&dib_tag=se&keywords=laptop&qid=1788692095&sr=8-255&xpid=sLKVI6PriDQ7N,16.0,1,1
B0BT1YDCZ4,"Samsung Galaxy Book3 360 Convertible Laptop, 13"" AMOLED Touch-Display, Intel Core i5 EVO, 8GB RAM, 512GB SSD, Windows 11, QWERTZ Tastatur, Inkl. 36 Monate Herstellergarantie [Exklusiv bei Amazon]",Samsung,1197.34,4.8,5.0,Intel Core i5,8.0,512.0,Unknown,13.0,1920x1080,Windows 11 Home,QWERTZ,https://www.amazon.de/Samsung-i5-1340P-Tastatur-Graphite-Inklusive/dp/B0BT1YDCZ4/ref=sr_1_256?dib=eyJ2IjoiMSJ9.denHUXDLnyoeTbDzwlACT03gLIJSc0nFZuY6wVEFLJYc3_xDyUeuGBx7Mx4XO0735zZnORXnv1hDHz7FWX8LJU-MSKjblxRJAZCOrZjJZ3YIVD2u1LiwPZBJfvTRICG6k3vJhQ-hyYIqnPXduuo4k7EQJBX7vbjVLvqqQUMvTwP69VylolSvTLJ_lsaiZxorqoxXid3NC8-xRsrzcWXNnziBANEX2eBizwmFa6qg-r0.rlwwRv1UNSBd-WRb3ZvGQLYZNxhdTpO1Hl_mDUwmvYg&dib_tag=se&keywords=laptop&qid=1788692095&sr=8-256&xpid=sLKVI6PriDQ7N,16.0,1,1
B0DHYFQP59,"Lenovo IdeaPad Slim 3 Notebook 15,6 Zoll FHD (1920 x 1080), AMD Ryzen 3 7320U, RAM 8 GB, 256 GB SSD M.2, integrierte Grafik AMD Radeon 610M, WiFi 6, Windows 11 - Arctic Grey",Lenovo,360.9,4.6,70.0,Intel Core i5-6300U,8.0,256.0,AMD Radeon 610M,15.6,1920x1080,Windows 11 Home,QWERTY,https://www.amazon.de/Lenovo-IdeaPad-Notebook-integrierte-Windows/dp/B0DHYFQP59/ref=sr_1_260?dib=eyJ2IjoiMSJ9.IoR__NnEQut6T1S55BpMNDr8J6OKh7GYeugtTyqnZAveVvgVxth2GCNs4FLgohnb4tYlfNiSTyWSQlV1GX3xYoLVWDsJsn0VsqaeMkGpBTBmnB9t_Cv-xl-N8bmyKidIJWynATQ0IgiZnO-acJYXAGbVTEFw-nQYMSM6es5_jbWY634e3wttxKDgHqQLIse5I2hM5CRu1uSO4raA-fX0WCcDzbgG9AHgU49dPNuV-9Q.mClxvI9wPTFpKELsoVBh7kzcocNqOy99xhtmPgoaLrI&dib_tag=se&keywords=laptop&qid=1788692205&sr=8-260&xpid=sLKVI6PriDQ7N,17.0,1,1
B0FN4MG9MM,"Acer Predator Helios Neo 16AI | Gaming Laptop | Ultra 9 |RTX 5070|32GB|1TB | 16"" WQXGA 240Hz | Intel Core Ultra 9 275HX | 32GB RAM | NVIDIA RTX 5070 | 1TB SSD | Windows 11 | QWERTY | PHN16-73-95ZC",Acer,1717.72,5.0,0.0,Intel Core Ultra 9,32.0,1024.0,NVIDIA GeForce RTX 5070,16.0,2560x1600,Windows 11 Home,QWERTY,https://www.amazon.de/Acer-Predator-Helios-Gaming-Laptop/dp/B0FN4MG9MM/ref=sr_1_267?dib=eyJ2IjoiMSJ9.IoR__NnEQut6T1S55BpMNDr8J6OKh7GYeugtTyqnZAveVvgVxth2GCNs4FLgohnb4tYlfNiSTyWSQlV1GX3xYoLVWDsJsn0VsqaeMkGpBTBmnB9t_Cv-xl-N8bmyKidIJWynATQ0IgiZnO-acJYXAGbVTEFw-nQYMSM6es5_jbWY634e3wttxKDgHqQLIse5I2hM5CRu1uSO4raA-fX0WCcDzbgG9AHgU49dPNuV-9Q.mClxvI9wPTFpKELsoVBh7kzcocNqOy99xhtmPgoaLrI&dib_tag=se&keywords=laptop&qid=1788692205&sr=8-267&xpid=sLKVI6PriDQ7N,17.0,1,0
B0F9PYS3SS,"LG gram Pro 17 Zoll Laptop mit Windows 11 Pro Premium Intel Core Ultra 7 Prozessor 16GB LPDDR5x RAM 1TB Dual SSD, 17ZB90TL-G.AZ79G - Grau",LG,1099.03,5.0,1.0,Intel Core Ultra 7 256V,32.0,1024.0,Intel Arc Graphics,17.0,2560x1600,Windows 11 Pro,QWERTZ,https://www.amazon.de/LG-Windows-Premium-Prozessor-17ZB90TL-G-AZ79G/dp/B0F9PYS3SS/ref=sr_1_268?dib=eyJ2IjoiMSJ9.IoR__NnEQut6T1S55BpMNDr8J6OKh7GYeugtTyqnZAveVvgVxth2GCNs4FLgohnb4tYlfNiSTyWSQlV1GX3xYoLVWDsJsn0VsqaeMkGpBTBmnB9t_Cv-xl-N8bmyKidIJWynATQ0IgiZnO-acJYXAGbVTEFw-nQYMSM6es5_jbWY634e3wttxKDgHqQLIse5I2hM5CRu1uSO4raA-fX0WCcDzbgG9AHgU49dPNuV-9Q.mClxvI9wPTFpKELsoVBh7kzcocNqOy99xhtmPgoaLrI&dib_tag=se&keywords=laptop&qid=1788692205&sr=8-268&xpid=sLKVI6PriDQ7N,17.0,1,1
B0DVCBX2QN,"HP Laptop 17,3 Zoll IPS Full-HD, Intel Core i5 1334U, 10 x 4.60 GHz, 16 GB RAM, 512 GB SSD, Norton 360, Silber, Windows 11",HP,703.76,4.5,55.0,Intel Core i5-1334U,16.0,512.0,Intel UHD Graphics,17.3,1920x1080,Windows 11,QWERTZ,https://www.amazon.de/HP-Laptop-Full-HD-Norton-Windows/dp/B0DVCBX2QN/ref=sr_1_269?dib=eyJ2IjoiMSJ9.IoR__NnEQut6T1S55BpMNDr8J6OKh7GYeugtTyqnZAveVvgVxth2GCNs4FLgohnb4tYlfNiSTyWSQlV1GX3xYoLVWDsJsn0VsqaeMkGpBTBmnB9t_Cv-xl-N8bmyKidIJWynATQ0IgiZnO-acJYXAGbVTEFw-nQYMSM6es5_jbWY634e3wttxKDgHqQLIse5I2hM5CRu1uSO4raA-fX0WCcDzbgG9AHgU49dPNuV-9Q.mClxvI9wPTFpKELsoVBh7kzcocNqOy99xhtmPgoaLrI&dib_tag=se&keywords=laptop&qid=1788692205&sr=8-269&xpid=sLKVI6PriDQ7N,17.0,1,0
B0FVXKWYTK,"Gaming Laptop | 15,6 Zoll Notebook | AMD Ryzen 7 7730U | Bis zu 4.5GHz|16GB RAM | 512GB SSD | AMD Radeon | NVMe PCIe 3.0 | WiFi6 | HDMI",Tivique,429.64,4.3,25.0,Intel Core 5,16.0,512.0,AMD Radeon Vega,15.6,1920x1080,Windows 11 Pro,QWERTZ,https://www.amazon.de/Tivique-Gaming-Laptop-Notebook-4-5GHz/dp/B0FVXKWYTK/ref=sr_1_270?dib=eyJ2IjoiMSJ9.IoR__NnEQut6T1S55BpMNDr8J6OKh7GYeugtTyqnZAveVvgVxth2GCNs4FLgohnb4tYlfNiSTyWSQlV1GX3xYoLVWDsJsn0VsqaeMkGpBTBmnB9t_Cv-xl-N8bmyKidIJWynATQ0IgiZnO-acJYXAGbVTEFw-nQYMSM6es5_jbWY634e3wttxKDgHqQLIse5I2hM5CRu1uSO4raA-fX0WCcDzbgG9AHgU49dPNuV-9Q.mClxvI9wPTFpKELsoVBh7kzcocNqOy99xhtmPgoaLrI&dib_tag=se&keywords=laptop&qid=1788692205&sr=8-270&xpid=sLKVI6PriDQ7N,17.0,1,1
B0BZHYPZW3,"ASUS Zenbook Pro 14 Duo OLED OLED UX8402ZE-M3050W – Laptop 14,5 Zoll WQXGA+ (Core I7-12700H, 16GB RAM, 512GB SSD, GeForce RTX 3050 TI 4GB, Windows 11 Home) TECNOLóGICO- TECLADO QWERTY ESPAñOL",ASUS,2256.01,4.6,5.0,Intel Core Ultra 9 285H,16.0,512.0,NVIDIA GeForce RTX 3050,14.5,2560x1600,Windows 11 Home,QWERTY,https://www.amazon.de/ASUS-ZENBOOK-PRO-OLED-UX8402ZE-M3050W/dp/B0BZHYPZW3/ref=sr_1_271?dib=eyJ2IjoiMSJ9.IoR__NnEQut6T1S55BpMNDr8J6OKh7GYeugtTyqnZAveVvgVxth2GCNs4FLgohnb4tYlfNiSTyWSQlV1GX3xYoLVWDsJsn0VsqaeMkGpBTBmnB9t_Cv-xl-N8bmyKidIJWynATQ0IgiZnO-acJYXAGbVTEFw-nQYMSM6es5_jbWY634e3wttxKDgHqQLIse5I2hM5CRu1uSO4raA-fX0WCcDzbgG9AHgU49dPNuV-9Q.mClxvI9wPTFpKELsoVBh7kzcocNqOy99xhtmPgoaLrI&dib_tag=se&keywords=laptop&qid=1788692205&sr=8-271&xpid=sLKVI6PriDQ7N,17.0,1,1
B0GMQDCMZJ,"Lenovo Yoga Slim 7 | Laptop | Ryzen AI 5 | 16GB | 512GB | Ohne Netzteil | CoPilot+PC|14"" WUXGA Display|OLED|Touch|AMD Ryzen AI 5 430|16GB RAM|512GB SSD|AMD Radeon Grafik|QWERTZ|Windows 11|Tidal Teal",Lenovo,944.36,5.0,2.0,AMD Ryzen AI 5,16.0,512.0,AMD Radeon 840M,14.0,3840x2160,Windows 11,QWERTZ,https://www.amazon.de/Lenovo-Copilot-Display-Windows-Premium/dp/B0GMQDCMZJ/ref=sr_1_273?dib=eyJ2IjoiMSJ9.d48sQaYjd0-1hqADM07Nm_qM8zWgigFqdwLiwn-hzGXHWqwgTZZjmpitmALTQGfGz-3SWTOqpJo3opzr56DkI5pUHygWsjJTVBUN4wtJ886OJLyAzXZF9f9jZLruOTtCRres8KgDGSbqjhFAW9n27a3Kk5MW56jXkwrE68FQ3QN3tz1v7-IRjeqwQdqDes2KWgwxluKYKdeUcWiGcbq8VrWtWEn2-Y31-aOgU8zTUco.1GlhrQ_K38cW5fGQZq95ZdS-igQlsW-fiNoK4gKibsg&dib_tag=se&keywords=laptop&qid=1788692245&sr=8-273&xpid=sLKVI6PriDQ7N,18.0,0,1
B0GPSX4BWX,"ASUS Vivobook Go 15 Notebook 15,6"" FHD 60Hz mit Intel N150 Prozessor, Intel UHD Grafik, 8GB RAM, 128GB SSD, Kaltsilber",ASUS,394.14,3.4,5.0,Intel Core 3,8.0,128.0,AMD Radeon 610M,15.6,1920x1080,Windows 11 Home,QWERTY,https://www.amazon.de/ASUS-Vivobook-Notebook-Prozessor-Kaltsilber/dp/B0GPSX4BWX/ref=sr_1_274?dib=eyJ2IjoiMSJ9.d48sQaYjd0-1hqADM07Nm_qM8zWgigFqdwLiwn-hzGXHWqwgTZZjmpitmALTQGfGz-3SWTOqpJo3opzr56DkI5pUHygWsjJTVBUN4wtJ886OJLyAzXZF9f9jZLruOTtCRres8KgDGSbqjhFAW9n27a3Kk5MW56jXkwrE68FQ3QN3tz1v7-IRjeqwQdqDes2KWgwxluKYKdeUcWiGcbq8VrWtWEn2-Y31-aOgU8zTUco.1GlhrQ_K38cW5fGQZq95ZdS-igQlsW-fiNoK4gKibsg&dib_tag=se&keywords=laptop&qid=1788692245&sr=8-274&xpid=sLKVI6PriDQ7N,18.0,1,1
B0H6V4MGVW,"Lenovo ThinkPad X1 Extreme Gen 4, Intel i7 8x2.5 GHz Prozessor 11.Gen, 64 GB Arbeitsspeicher, 512 GB SSD, 16 Zoll Display, 2560x1600 IPS, NVIDIA 4GB, Windows 11 Pro A5Q (Generalüberholt)",Amazon Renewed,954.67,5.0,0.0,Intel Core i7-11850H,64.0,512.0,NVIDIA GeForce RTX 3050,16.0,2560x1600,Windows 11 Pro,Unknown,https://www.amazon.de/Lenovo-Prozessor-Arbeitsspeicher-2560x1600-General%C3%BCberholt/dp/B0H6V4MGVW/ref=sr_1_277?dib=eyJ2IjoiMSJ9.d48sQaYjd0-1hqADM07Nm_qM8zWgigFqdwLiwn-hzGXHWqwgTZZjmpitmALTQGfGz-3SWTOqpJo3opzr56DkI5pUHygWsjJTVBUN4wtJ886OJLyAzXZF9f9jZLruOTtCRres8KgDGSbqjhFAW9n27a3Kk5MW56jXkwrE68FQ3QN3tz1v7-IRjeqwQdqDes2KWgwxluKYKdeUcWiGcbq8VrWtWEn2-Y31-aOgU8zTUco.1GlhrQ_K38cW5fGQZq95ZdS-igQlsW-fiNoK4gKibsg&dib_tag=se&keywords=laptop&qid=1788692245&sr=8-277&xpid=sLKVI6PriDQ7N,18.0,0,0
B0FS1FRRB9,"CYCLUS 15,6"" Laptop R7 5825U (8C/16T bis 4,5 GHz), 16GB RAM, 1TB SSD | Für Studenten, Kreative & Gelegenheitsspieler, Vega 8, Tastatur mit Hintergrundbeleuchtung, QWERTZ-Tastaturfolie inklusive",CYCLUS,540.49,4.2,6.0,AMD Ryzen 7 5825U,16.0,1024.0,AMD Radeon Vega,15.6,1920x1080,Windows 11 Pro,QWERTZ,https://www.amazon.de/CYCLUS-Laptop-Studenten-Kreative-Gelegenheitsspieler/dp/B0FS1FRRB9/ref=sr_1_278?dib=eyJ2IjoiMSJ9.d48sQaYjd0-1hqADM07Nm_qM8zWgigFqdwLiwn-hzGXHWqwgTZZjmpitmALTQGfGz-3SWTOqpJo3opzr56DkI5pUHygWsjJTVBUN4wtJ886OJLyAzXZF9f9jZLruOTtCRres8KgDGSbqjhFAW9n27a3Kk5MW56jXkwrE68FQ3QN3tz1v7-IRjeqwQdqDes2KWgwxluKYKdeUcWiGcbq8VrWtWEn2-Y31-aOgU8zTUco.1GlhrQ_K38cW5fGQZq95ZdS-igQlsW-fiNoK4gKibsg&dib_tag=se&keywords=laptop&qid=1788692245&sr=8-278&xpid=sLKVI6PriDQ7N,18.0,1,0
B0F3D25JCK,"Lenovo Thinkpad T14 Gen 1 Business Laptop, 14"" FHD Notebook, Intel Core i5-10310U, 16GB DDR4 RAM, 512GB SSD, Amerikanische Tastatur, Windows 11 Pro (Generalüberholt)",Amazon Renewed,287.86,3.9,16.0,Intel Core i5-10310U,16.0,512.0,Unknown,14.0,1920x1080,Windows 11 pro,QWERTY,https://www.amazon.de/Lenovo-T14-Gen-Amerikanische-General%C3%BCberholt/dp/B0F3D25JCK/ref=sr_1_279?dib=eyJ2IjoiMSJ9.d48sQaYjd0-1hqADM07Nm_qM8zWgigFqdwLiwn-hzGXHWqwgTZZjmpitmALTQGfGz-3SWTOqpJo3opzr56DkI5pUHygWsjJTVBUN4wtJ886OJLyAzXZF9f9jZLruOTtCRres8KgDGSbqjhFAW9n27a3Kk5MW56jXkwrE68FQ3QN3tz1v7-IRjeqwQdqDes2KWgwxluKYKdeUcWiGcbq8VrWtWEn2-Y31-aOgU8zTUco.1GlhrQ_K38cW5fGQZq95ZdS-igQlsW-fiNoK4gKibsg&dib_tag=se&keywords=laptop&qid=1788692245&sr=8-279&xpid=sLKVI6PriDQ7N,18.0,1,1
B0HFP3R7NH,"Lenovo ThinkPad X13 Gen 1 Business Laptop 13,3 Zoll FHD Notebook, AMD Ryzen 5 PRO 4650U, 32 GB RAM, 512 GB SSD, Japanische Tastatur QWERTY, Windows 11 Pro (Generalüberholt)",Amazon Renewed,291.3,5.0,20.0,AMD Ryzen 5 Pro,32.0,512.0,Unknown,13.3,1920x1080,Windows 11,QWERTZ,https://www.amazon.de/Lenovo-ThinkPad-X13-Gen-General%C3%BCberholt/dp/B0HFP3R7NH/ref=sr_1_280?dib=eyJ2IjoiMSJ9.d48sQaYjd0-1hqADM07Nm_qM8zWgigFqdwLiwn-hzGXHWqwgTZZjmpitmALTQGfGz-3SWTOqpJo3opzr56DkI5pUHygWsjJTVBUN4wtJ886OJLyAzXZF9f9jZLruOTtCRres8KgDGSbqjhFAW9n27a3Kk5MW56jXkwrE68FQ3QN3tz1v7-IRjeqwQdqDes2KWgwxluKYKdeUcWiGcbq8VrWtWEn2-Y31-aOgU8zTUco.1GlhrQ_K38cW5fGQZq95ZdS-igQlsW-fiNoK4gKibsg&dib_tag=se&keywords=laptop&qid=1788692245&sr=8-280&xpid=sLKVI6PriDQ7N,18.0,1,0
B0FV9JJMYY,"Acer Nitro 18 AI (AN18-61-R968) Gaming Laptop, 18"" WQXGA IPS 165Hz Display, AMD Ryzen AI 9 365, 32 GB RAM, 1 TB GB SSD, NVIDIA GeForce RTX 5070, Windows 11, QWERTZ Tastatur, schwarz",Acer,2222.3,5.0,5.0,Intel Core Ultra 7,32.0,1000.0,NVIDIA GeForce RTX 5070,18.0,2560x1600,Windows 11 Home,QWERTZ,https://www.amazon.de/acer-AN18-61-R968-Display-GeForce-Tastatur/dp/B0FV9JJMYY/ref=sr_1_282?dib=eyJ2IjoiMSJ9.d48sQaYjd0-1hqADM07Nm_qM8zWgigFqdwLiwn-hzGXHWqwgTZZjmpitmALTQGfGz-3SWTOqpJo3opzr56DkI5pUHygWsjJTVBUN4wtJ886OJLyAzXZF9f9jZLruOTtCRres8KgDGSbqjhFAW9n27a3Kk5MW56jXkwrE68FQ3QN3tz1v7-IRjeqwQdqDes2KWgwxluKYKdeUcWiGcbq8VrWtWEn2-Y31-aOgU8zTUco.1GlhrQ_K38cW5fGQZq95ZdS-igQlsW-fiNoK4gKibsg&dib_tag=se&keywords=laptop&qid=1788692245&sr=8-282&xpid=sLKVI6PriDQ7N,18.0,1,0
B0H8962NYN,"HP ProBook 450 G5 Business Laptop, 15,6 Zoll FHD Display (1920x1080), Intel Core i5-7200U, 8GB RAM, 256GB SSD, Japanische QWERTY-Tastatur, Windows 11 Pro (Generalüberholt)",Amazon Renewed,207.0,4.8,3.0,Intel Core i5,8.0,256.0,Intel UHD Graphics,15.6,1920x1080,Windows 11 Pro,QWERTZ,https://www.amazon.de/HP-ProBook-450-QWERTY-Tastatur-General%C3%BCberholt/dp/B0H8962NYN/ref=sr_1_284?dib=eyJ2IjoiMSJ9.d48sQaYjd0-1hqADM07Nm_qM8zWgigFqdwLiwn-hzGXHWqwgTZZjmpitmALTQGfGz-3SWTOqpJo3opzr56DkI5pUHygWsjJTVBUN4wtJ886OJLyAzXZF9f9jZLruOTtCRres8KgDGSbqjhFAW9n27a3Kk5MW56jXkwrE68FQ3QN3tz1v7-IRjeqwQdqDes2KWgwxluKYKdeUcWiGcbq8VrWtWEn2-Y31-aOgU8zTUco.1GlhrQ_K38cW5fGQZq95ZdS-igQlsW-fiNoK4gKibsg&dib_tag=se&keywords=laptop&qid=1788692245&sr=8-284&xpid=sLKVI6PriDQ7N,18.0,1,1
B0H1WMB87Z,"HP ProBook 450 G7 Business Laptop, 15.6 Zoll (1366x768), Intel Core i5-10210U, 16GB RAM, 512GB SSD, US QWERTY Tastatur, Windows 11 Pro (Generalüberholt)",Amazon Renewed,317.08,3.6,4.0,Intel Core i5-10210U,16.0,512.0,Unknown,15.6,1366x768,Windows 11 Pro,QWERTZ,https://www.amazon.de/HP-Business-1366x768-i5-10210U-General%C3%BCberholt/dp/B0H1WMB87Z/ref=sr_1_285?dib=eyJ2IjoiMSJ9.d48sQaYjd0-1hqADM07Nm_qM8zWgigFqdwLiwn-hzGXHWqwgTZZjmpitmALTQGfGz-3SWTOqpJo3opzr56DkI5pUHygWsjJTVBUN4wtJ886OJLyAzXZF9f9jZLruOTtCRres8KgDGSbqjhFAW9n27a3Kk5MW56jXkwrE68FQ3QN3tz1v7-IRjeqwQdqDes2KWgwxluKYKdeUcWiGcbq8VrWtWEn2-Y31-aOgU8zTUco.1GlhrQ_K38cW5fGQZq95ZdS-igQlsW-fiNoK4gKibsg&dib_tag=se&keywords=laptop&qid=1788692245&sr=8-285&xpid=sLKVI6PriDQ7N,18.0,1,1
B0HBWH4865,"jumper Laptop 16 Zoll, IPS FHD Touchscreen Laptops, 16GB RAM 640GB Storage | Fingerabdruckleser, N5095 CPU, 1 Jahr Office 365, Tastatur mit Hintergrundbeleuchtung, WiFi, für Studenten Business",jumper,429.64,5.0,25.0,Intel Core Ultra 5,16.0,640.0,Intel UHD Graphics,16.0,1920x1200,Windows 11 Home,QWERTZ,https://www.amazon.de/jumper-Laptop-Touchscreen-Laptops-Storage/dp/B0HBWH4865/ref=sr_1_286?dib=eyJ2IjoiMSJ9.d48sQaYjd0-1hqADM07Nm_qM8zWgigFqdwLiwn-hzGXHWqwgTZZjmpitmALTQGfGz-3SWTOqpJo3opzr56DkI5pUHygWsjJTVBUN4wtJ886OJLyAzXZF9f9jZLruOTtCRres8KgDGSbqjhFAW9n27a3Kk5MW56jXkwrE68FQ3QN3tz1v7-IRjeqwQdqDes2KWgwxluKYKdeUcWiGcbq8VrWtWEn2-Y31-aOgU8zTUco.1GlhrQ_K38cW5fGQZq95ZdS-igQlsW-fiNoK4gKibsg&dib_tag=se&keywords=laptop&qid=1788692245&sr=8-286&xpid=sLKVI6PriDQ7N,18.0,1,1
B0FV96S977,"Acer Aspire 14 AI (A14-11M-X7MH) AI Laptop, Copilot+ PC, 14"" WUXGA IPS 120Hz Display, Qualcomm Snapdragon X X1-26-100, 16 GB RAM, 512 GB SSD, Qualcomm Adreno GPU, Windows 11, QWERTZ Layout",Acer,599.0,5.0,0.0,Intel Core 5 120U,16.0,512.0,Qualcomm Adreno GPU,14.0,1920x1200,Windows 11 Home,QWERTZ,https://www.amazon.de/acer-A14-11M-X7MH-Qualcomm-Snapdragon-X1-26-100/dp/B0FV96S977/ref=sr_1_287?dib=eyJ2IjoiMSJ9.d48sQaYjd0-1hqADM07Nm_qM8zWgigFqdwLiwn-hzGXHWqwgTZZjmpitmALTQGfGz-3SWTOqpJo3opzr56DkI5pUHygWsjJTVBUN4wtJ886OJLyAzXZF9f9jZLruOTtCRres8KgDGSbqjhFAW9n27a3Kk5MW56jXkwrE68FQ3QN3tz1v7-IRjeqwQdqDes2KWgwxluKYKdeUcWiGcbq8VrWtWEn2-Y31-aOgU8zTUco.1GlhrQ_K38cW5fGQZq95ZdS-igQlsW-fiNoK4gKibsg&dib_tag=se&keywords=laptop&qid=1788692245&sr=8-287&xpid=sLKVI6PriDQ7N,18.0,1,1
B012SM9XF0,"Toshiba Satellite P70-B-11R 43,9 cm (17,3 Zoll Full HD IPS) Laptop (Intel Core i7-4720HQ, 12GB RAM, Hybrid 1TB SSHD, AMD Radeon R9 M365X, DVD, Win 10 Home) silber",Toshiba,257.79,4.4,6.0,Intel Core i7-4720HQ,12.0,1024.0,AMD Radeon R9,17.3,1920x1080,Windows 10 Home,QWERTZ,https://www.amazon.de/Toshiba-Satellite-P70-B-11R-Laptop-i7-4720HQ/dp/B012SM9XF0/ref=sr_1_289?dib=eyJ2IjoiMSJ9.BXqNtkOmqaeS5u6nwDHbwndbf82AkvRhw5ic4cKf7eA8G15N9-9e4zpHh8xMdqfMsCdKfkbe1ykbwVyPQHHa0A8r_3Rp9sIetMnFVN_4CGV35W3sBT6Gq8yVObMv7tVfcJBf5sO8NJTF8UgIBOzMqrunt69WK6N756qFn_2D_bMbfa68fcxzFq-SnxJUG9PJRPHXsv5P-MdiwFnRoBMmtuVVD4Eb_rRSq5wE8XoXRms.v1TzTtW55sFdM0HtSNNhqa49OAoR4RtD6YHgc-_1I1U&dib_tag=se&keywords=laptop&qid=1788692360&sr=8-289&xpid=sLKVI6PriDQ7N,19.0,1,1
B0CNKKZX3Q,"Lenovo Yoga 7i Convertible Laptop | 14"" WUXGA OLED Touch Display | Intel Core i7-1360P | 16GB RAM | 1TB SSD | Intel Iris Xe Grafik | Win11 Home | QWERTZ | grau | inkl. Pen | 3 Monate Premium Care",Lenovo,1041.25,4.0,20.0,Intel Core i7-1360P,16.0,1024.0,Intel Iris Xe,14.0,1920x1200,Windows 11 Pro,QWERTZ,https://www.amazon.de/Lenovo-Convertible-Display-i7-1360P-Premium/dp/B0CNKKZX3Q/ref=sr_1_290?dib=eyJ2IjoiMSJ9.BXqNtkOmqaeS5u6nwDHbwndbf82AkvRhw5ic4cKf7eA8G15N9-9e4zpHh8xMdqfMsCdKfkbe1ykbwVyPQHHa0A8r_3Rp9sIetMnFVN_4CGV35W3sBT6Gq8yVObMv7tVfcJBf5sO8NJTF8UgIBOzMqrunt69WK6N756qFn_2D_bMbfa68fcxzFq-SnxJUG9PJRPHXsv5P-MdiwFnRoBMmtuVVD4Eb_rRSq5wE8XoXRms.v1TzTtW55sFdM0HtSNNhqa49OAoR4RtD6YHgc-_1I1U&dib_tag=se&keywords=laptop&qid=1788692360&sr=8-290&xpid=sLKVI6PriDQ7N,19.0,1,1
B0H4G6QLJ9,"Lenovo ThinkPad X13 Gen 1 Business Notebook, 13,3 Zoll HD (1366 x 768), Intel Core i7-10510U, 8 GB RAM, 512 GB SSD, US QWERTY-Tastatur, Windows 11 Pro (Generalüberholt)",Amazon Renewed,188.18,5.0,0.0,Intel Core i7-10510U,8.0,512.0,AMD Radeon 610M,13.3,1366x768,Windows 11,QWERTZ,https://www.amazon.de/Lenovo-ThinkPad-X13-Gen-QWERTY-Tastatur/dp/B0H4G6QLJ9/ref=sr_1_291?dib=eyJ2IjoiMSJ9.BXqNtkOmqaeS5u6nwDHbwndbf82AkvRhw5ic4cKf7eA8G15N9-9e4zpHh8xMdqfMsCdKfkbe1ykbwVyPQHHa0A8r_3Rp9sIetMnFVN_4CGV35W3sBT6Gq8yVObMv7tVfcJBf5sO8NJTF8UgIBOzMqrunt69WK6N756qFn_2D_bMbfa68fcxzFq-SnxJUG9PJRPHXsv5P-MdiwFnRoBMmtuVVD4Eb_rRSq5wE8XoXRms.v1TzTtW55sFdM0HtSNNhqa49OAoR4RtD6YHgc-_1I1U&dib_tag=se&keywords=laptop&qid=1788692360&sr=8-291&xpid=sLKVI6PriDQ7N,19.0,1,1
B09BJRBYXB,"ASUS V16 Gaming V3607VM-RP036W 16 Zoll WUXGA 144Hz Laptop (Intel Core 7 240H bis 5,2 GHz, 16 GB DDR5, 1TB SSD, NVIDIA GeForce RTX 5060 Laptop GPU) Windows 11 Home – Tastatur AZERTY",ASUS,1030.29,4.1,31.0,Intel Core 7 240H,16.0,1024.0,NVIDIA GeForce RTX 5060,16.0,1920x1200,Windows 11 Home,AZERTY,https://www.amazon.de/ASUS-Gaming-V3607VM-RP036W-GeForce-Windows/dp/B09BJRBYXB/ref=sr_1_292?dib=eyJ2IjoiMSJ9.BXqNtkOmqaeS5u6nwDHbwndbf82AkvRhw5ic4cKf7eA8G15N9-9e4zpHh8xMdqfMsCdKfkbe1ykbwVyPQHHa0A8r_3Rp9sIetMnFVN_4CGV35W3sBT6Gq8yVObMv7tVfcJBf5sO8NJTF8UgIBOzMqrunt69WK6N756qFn_2D_bMbfa68fcxzFq-SnxJUG9PJRPHXsv5P-MdiwFnRoBMmtuVVD4Eb_rRSq5wE8XoXRms.v1TzTtW55sFdM0HtSNNhqa49OAoR4RtD6YHgc-_1I1U&dib_tag=se&keywords=laptop&qid=1788692360&sr=8-292&xpid=sLKVI6PriDQ7N,19.0,1,0
B0GJHNW3VK,"ASUS Zenbook Duo Laptop (2026) Dual 14 Zoll OLED 3K 144Hz Touchscreen (Intel Core Ultra 9 Prozessor 386H, Intel Graphics, 32GB RAM, 1TB SSD, Hülle und Stylus inklusive, WiFi 7, Windows 11",ASUS,2540.54,4.6,18.0,Intel Core Ultra 9,32.0,1024.0,Intel Arc Graphics,14.0,2880x1800,Windows 11,QWERTY,https://www.amazon.de/ASUS-Touchscreen-Prozessor-Graphics-inklusive/dp/B0GJHNW3VK/ref=sr_1_293?dib=eyJ2IjoiMSJ9.BXqNtkOmqaeS5u6nwDHbwndbf82AkvRhw5ic4cKf7eA8G15N9-9e4zpHh8xMdqfMsCdKfkbe1ykbwVyPQHHa0A8r_3Rp9sIetMnFVN_4CGV35W3sBT6Gq8yVObMv7tVfcJBf5sO8NJTF8UgIBOzMqrunt69WK6N756qFn_2D_bMbfa68fcxzFq-SnxJUG9PJRPHXsv5P-MdiwFnRoBMmtuVVD4Eb_rRSq5wE8XoXRms.v1TzTtW55sFdM0HtSNNhqa49OAoR4RtD6YHgc-_1I1U&dib_tag=se&keywords=laptop&qid=1788692360&sr=8-293&xpid=sLKVI6PriDQ7N,19.0,1,1
B0GVZ5C9WV,"Lenovo ThinkPad E14 Gen 7 Business Laptop, AMD Ryzen 7 250, 64 GB DDR5 RAM, 2 TB PCIe SSD, 14"" WUXGA (1920x1200) Display, AMD Radeon 780M Graphics, Deutsches Tastatur-Layout, W11 Pro, Schwarz",Lenovo,1873.17,5.0,0.0,AMD Ryzen 7 250,64.0,2048.0,AMD Radeon 780M,14.0,1920x1200,Windows 11 Pro,QWERTZ,https://www.amazon.de/Lenovo-ThinkPad-E14-Gen-Tastatur-Layout/dp/B0GVZ5C9WV/ref=sr_1_294?dib=eyJ2IjoiMSJ9.BXqNtkOmqaeS5u6nwDHbwndbf82AkvRhw5ic4cKf7eA8G15N9-9e4zpHh8xMdqfMsCdKfkbe1ykbwVyPQHHa0A8r_3Rp9sIetMnFVN_4CGV35W3sBT6Gq8yVObMv7tVfcJBf5sO8NJTF8UgIBOzMqrunt69WK6N756qFn_2D_bMbfa68fcxzFq-SnxJUG9PJRPHXsv5P-MdiwFnRoBMmtuVVD4Eb_rRSq5wE8XoXRms.v1TzTtW55sFdM0HtSNNhqa49OAoR4RtD6YHgc-_1I1U&dib_tag=se&keywords=laptop&qid=1788692360&sr=8-294&xpid=sLKVI6PriDQ7N,19.0,1,1
B0FF4DH7YZ,"HP Elitebook 830 G8 Touchscreen-Business-Laptop, 13,3-Zoll-FHD-Notebook, Intel Core i7-1185G7, 16 GB RAM, 512 GB SSD, US QWERTY-Tastatur, Windows 11 Pro (generalüberholt)",Amazon Renewed,325.67,3.9,23.0,Intel Core i7-1185G7,16.0,512.0,Unknown,13.3,1920x1080,Windows 11 Pro,QWERTZ,https://www.amazon.de/Elitebook-830-Touchscreen-Business-Laptop-3-Zoll-FHD-Notebook-QWERTY-Tastatur/dp/B0FF4DH7YZ/ref=sr_1_295?dib=eyJ2IjoiMSJ9.BXqNtkOmqaeS5u6nwDHbwndbf82AkvRhw5ic4cKf7eA8G15N9-9e4zpHh8xMdqfMsCdKfkbe1ykbwVyPQHHa0A8r_3Rp9sIetMnFVN_4CGV35W3sBT6Gq8yVObMv7tVfcJBf5sO8NJTF8UgIBOzMqrunt69WK6N756qFn_2D_bMbfa68fcxzFq-SnxJUG9PJRPHXsv5P-MdiwFnRoBMmtuVVD4Eb_rRSq5wE8XoXRms.v1TzTtW55sFdM0HtSNNhqa49OAoR4RtD6YHgc-_1I1U&dib_tag=se&keywords=laptop&qid=1788692360&sr=8-295&xpid=sLKVI6PriDQ7N,19.0,1,1
B0GQGN48S5,"Lenovo Thinkpad T460 Laptop Computer, Intel Core i5-6200u Prozessor, 14 Zoll HD, 8GB RAM, 256GB SSD, US Qwerty Tastatur, Win11 Pro (Renewed)",Amazon Renewed,170.14,5.0,1.0,Intel Core i5-6200U,8.0,256.0,Intel UHD Graphics,14.0,1366x768,Windows 11 Pro,QWERTZ,https://www.amazon.de/Lenovo-Thinkpad-Computer-i5-6200u-Prozessor/dp/B0GQGN48S5/ref=sr_1_296?dib=eyJ2IjoiMSJ9.BXqNtkOmqaeS5u6nwDHbwndbf82AkvRhw5ic4cKf7eA8G15N9-9e4zpHh8xMdqfMsCdKfkbe1ykbwVyPQHHa0A8r_3Rp9sIetMnFVN_4CGV35W3sBT6Gq8yVObMv7tVfcJBf5sO8NJTF8UgIBOzMqrunt69WK6N756qFn_2D_bMbfa68fcxzFq-SnxJUG9PJRPHXsv5P-MdiwFnRoBMmtuVVD4Eb_rRSq5wE8XoXRms.v1TzTtW55sFdM0HtSNNhqa49OAoR4RtD6YHgc-_1I1U&dib_tag=se&keywords=laptop&qid=1788692360&sr=8-296&xpid=sLKVI6PriDQ7N,19.0,1,0
B0DYV1LQVH,"LG Gram Pro 17, 17 Zoll IPS Notebook, Intel Core Ultra 7 255H, Intel Arc 140T GPU, 16GB RAM, 1TB SSD, Schwarz",LG,1167.78,4.4,15.0,Intel Core Ultra 7 255H,16.0,1024.0,Intel Arc Graphics,17.0,2560x1600,Windows 11 Home,QWERTZ,https://www.amazon.de/LG-Notebook-Intel-Ultra-Schwarz/dp/B0DYV1LQVH/ref=sr_1_297?dib=eyJ2IjoiMSJ9.BXqNtkOmqaeS5u6nwDHbwndbf82AkvRhw5ic4cKf7eA8G15N9-9e4zpHh8xMdqfMsCdKfkbe1ykbwVyPQHHa0A8r_3Rp9sIetMnFVN_4CGV35W3sBT6Gq8yVObMv7tVfcJBf5sO8NJTF8UgIBOzMqrunt69WK6N756qFn_2D_bMbfa68fcxzFq-SnxJUG9PJRPHXsv5P-MdiwFnRoBMmtuVVD4Eb_rRSq5wE8XoXRms.v1TzTtW55sFdM0HtSNNhqa49OAoR4RtD6YHgc-_1I1U&dib_tag=se&keywords=laptop&qid=1788692360&sr=8-297&xpid=sLKVI6PriDQ7N,19.0,1,1
B0CY3SJ25T,"Dell XPS 16 9640 Laptop 16.3 Inch 16:10 FHD+ Display, Intel Evo Edition, Intel Core Ultra 7, NVIDIA GeForce RTX 4050 Graphics 16GB RAM 1TB, Windows 11 Home, Fingerprint Reader, Backlit German Keyboard",Dell,2190.33,3.3,5.0,Intel Core Ultra 7 155H,16.0,2048.0,NVIDIA GeForce RTX 4050,16.3,1920x1200,Windows 11 Home,AZERTY,https://www.amazon.de/Dell-XPS-9640-Laptop-16-3/dp/B0CY3SJ25T/ref=sr_1_298?dib=eyJ2IjoiMSJ9.BXqNtkOmqaeS5u6nwDHbwndbf82AkvRhw5ic4cKf7eA8G15N9-9e4zpHh8xMdqfMsCdKfkbe1ykbwVyPQHHa0A8r_3Rp9sIetMnFVN_4CGV35W3sBT6Gq8yVObMv7tVfcJBf5sO8NJTF8UgIBOzMqrunt69WK6N756qFn_2D_bMbfa68fcxzFq-SnxJUG9PJRPHXsv5P-MdiwFnRoBMmtuVVD4Eb_rRSq5wE8XoXRms.v1TzTtW55sFdM0HtSNNhqa49OAoR4RtD6YHgc-_1I1U&dib_tag=se&keywords=laptop&qid=1788692360&sr=8-298&xpid=sLKVI6PriDQ7N,19.0,1,1
B0B8H2J7H4,"acer Aspire Spin 14 ASP14-52MTN-58CR Convertible Notebook 14 WUXGA LCD Touchscreen (Intel Core Ultra 5 115U, 16 GB RAM, 512 GB SSD, Intel Graphics, Windows 11 Home), Grau, QWERTY Spanisch",Acer,711.96,5.0,0.0,Intel Core Ultra 5 115U,16.0,512.0,Intel UHD Graphics,14.0,1920x1200,Windows 11 Home,QWERTY,https://www.amazon.de/acer-ASP14-52MTN-58CR-Convertible-Notebook-Touchscreen/dp/B0B8H2J7H4/ref=sr_1_299?dib=eyJ2IjoiMSJ9.BXqNtkOmqaeS5u6nwDHbwndbf82AkvRhw5ic4cKf7eA8G15N9-9e4zpHh8xMdqfMsCdKfkbe1ykbwVyPQHHa0A8r_3Rp9sIetMnFVN_4CGV35W3sBT6Gq8yVObMv7tVfcJBf5sO8NJTF8UgIBOzMqrunt69WK6N756qFn_2D_bMbfa68fcxzFq-SnxJUG9PJRPHXsv5P-MdiwFnRoBMmtuVVD4Eb_rRSq5wE8XoXRms.v1TzTtW55sFdM0HtSNNhqa49OAoR4RtD6YHgc-_1I1U&dib_tag=se&keywords=laptop&qid=1788692360&sr=8-299&xpid=sLKVI6PriDQ7N,19.0,0,1
B0DRWB6FP9,Dell Business Laptop Notebook Latitude 3310 i3-8145u 8GB 256GB SSD 1366x768 Windows 11 (Generalüberholt),Amazon Renewed,199.9,4.3,33.0,Intel Core i3-8145U,8.0,256.0,NVIDIA GeForce RTX 5060,13.3,1366x768,Windows 11,QWERTZ,https://www.amazon.de/Dell-Business-Notebook-3310-General%C3%BCberholt/dp/B0DRWB6FP9/ref=sr_1_300?dib=eyJ2IjoiMSJ9.BXqNtkOmqaeS5u6nwDHbwndbf82AkvRhw5ic4cKf7eA8G15N9-9e4zpHh8xMdqfMsCdKfkbe1ykbwVyPQHHa0A8r_3Rp9sIetMnFVN_4CGV35W3sBT6Gq8yVObMv7tVfcJBf5sO8NJTF8UgIBOzMqrunt69WK6N756qFn_2D_bMbfa68fcxzFq-SnxJUG9PJRPHXsv5P-MdiwFnRoBMmtuVVD4Eb_rRSq5wE8XoXRms.v1TzTtW55sFdM0HtSNNhqa49OAoR4RtD6YHgc-_1I1U&dib_tag=se&keywords=laptop&qid=1788692360&sr=8-300&xpid=sLKVI6PriDQ7N,19.0,1,0
B0GR4NTZQ9,"Lenovo Thinkpad T14s Gen 3 Business Laptop, 14 Zoll FHD (1920x1080), Intel Core i7-1270, 16GB RAM, 512GB SSD, US QWERTY Tastatur, Windows 11 Pro (erneuert)",Lenovo,403.01,5.0,40.0,Intel Core i7-1270,16.0,512.0,AMD Radeon 610M,14.0,1920x1080,Windows 11 pro,QWERTZ,https://www.amazon.de/Lenovo-Thinkpad-T14s-Gen-1920x1080/dp/B0GR4NTZQ9/ref=sr_1_301?dib=eyJ2IjoiMSJ9.BXqNtkOmqaeS5u6nwDHbwndbf82AkvRhw5ic4cKf7eA8G15N9-9e4zpHh8xMdqfMsCdKfkbe1ykbwVyPQHHa0A8r_3Rp9sIetMnFVN_4CGV35W3sBT6Gq8yVObMv7tVfcJBf5sO8NJTF8UgIBOzMqrunt69WK6N756qFn_2D_bMbfa68fcxzFq-SnxJUG9PJRPHXsv5P-MdiwFnRoBMmtuVVD4Eb_rRSq5wE8XoXRms.v1TzTtW55sFdM0HtSNNhqa49OAoR4RtD6YHgc-_1I1U&dib_tag=se&keywords=laptop&qid=1788692360&sr=8-301&xpid=sLKVI6PriDQ7N,19.0,1,0
B0GQZ7XCYR,"CYCLUS 16"" Laptop für Studenten, Büro & Alltagsnutzung – AMD Ryzen 5 3500U (4C/8T 3,7 GHz), 16GB RAM, 1TB SSD, Vega 8, USB-C, Tastatur mit Hintergrundbeleuchtung + QWERTZ-Tastaturfolie inklusive",CYCLUS,394.41,1.0,1.0,AMD Ryzen 5 3500U,16.0,1024.0,AMD Radeon Vega,16.0,1920x1080,Windows 11 Pro,QWERTZ,https://www.amazon.de/CYCLUS-Laptop-Studenten-Alltagsnutzung-Hintergrundbeleuchtung/dp/B0GQZ7XCYR/ref=sr_1_303?dib=eyJ2IjoiMSJ9.BXqNtkOmqaeS5u6nwDHbwndbf82AkvRhw5ic4cKf7eA8G15N9-9e4zpHh8xMdqfMsCdKfkbe1ykbwVyPQHHa0A8r_3Rp9sIetMnFVN_4CGV35W3sBT6Gq8yVObMv7tVfcJBf5sO8NJTF8UgIBOzMqrunt69WK6N756qFn_2D_bMbfa68fcxzFq-SnxJUG9PJRPHXsv5P-MdiwFnRoBMmtuVVD4Eb_rRSq5wE8XoXRms.v1TzTtW55sFdM0HtSNNhqa49OAoR4RtD6YHgc-_1I1U&dib_tag=se&keywords=laptop&qid=1788692360&sr=8-303&xpid=sLKVI6PriDQ7N,19.0,0,0
B0FZQDC2X8,"16 Zoll FHD Laptop Lila, 1TB SSD, 16GB DDR4 RAM, Quad-Core N95 CPU | bis zu 3.4GHz(Beat N5095 N4120), Face Unlock, Farb-Tastatur, HDMI, USB 3.0, Type-C, WLAN, 5000mAh Notebook Computer",Fsjun,438.23,4.6,16.0,N95,16.0,1024.0,Unknown,16.0,1920x1200,Windows 11 Pro,QWERTZ,https://www.amazon.de/Fsjun-Quad-Core-N95-Prozessor-Farb-Tastatur/dp/B0FZQDC2X8/ref=sr_1_304?dib=eyJ2IjoiMSJ9.BXqNtkOmqaeS5u6nwDHbwndbf82AkvRhw5ic4cKf7eA8G15N9-9e4zpHh8xMdqfMsCdKfkbe1ykbwVyPQHHa0A8r_3Rp9sIetMnFVN_4CGV35W3sBT6Gq8yVObMv7tVfcJBf5sO8NJTF8UgIBOzMqrunt69WK6N756qFn_2D_bMbfa68fcxzFq-SnxJUG9PJRPHXsv5P-MdiwFnRoBMmtuVVD4Eb_rRSq5wE8XoXRms.v1TzTtW55sFdM0HtSNNhqa49OAoR4RtD6YHgc-_1I1U&dib_tag=se&keywords=laptop&qid=1788692360&sr=8-304&xpid=sLKVI6PriDQ7N,19.0,1,0
B0GLPK7GP4,"15,6 Zoll Laptop, Quad-Core N95(bis 3,4 GHz), 16GB RAM, 512GB SSD, Full-HD Display, beleuchtete Tastatur mit Nummernblock, 2,4G/5G WLAN, Bluetooth 5.0, Win 11 Notebook für Arbeit, Studium & Homeoffice",MAXLEGEN,309.34,3.1,6.0,N95,16.0,512.0,Intel UHD Graphics,15.6,1920x1080,Windows 11,QWERTY,https://www.amazon.de/Quad-Core-beleuchtete-Nummernblock-Bluetooth-Homeoffice/dp/B0GLPK7GP4/ref=sr_1_306?dib=eyJ2IjoiMSJ9.wrE9RrMHFi_uK4qpNMCmzVIfl3PQ-nb-Hx9OOcA-1Po.O6NCSbyAO4HZeLhgnHDniYK3C9wGpNmRAUR_Y43teTU&dib_tag=se&keywords=laptop&qid=1788692453&sr=8-306&xpid=sLKVI6PriDQ7N,20.0,1,0
